timestamp,customer_state,category,price,is_late,review_score
2026-09-23T09:26:12,RJ,health_beauty,79.75,0,5
2026-09-23T09:26:12,MG,sports_leisure,72.49,1,2
2026-09-23T09:26:12,MG,watches_gifts,110.67,0,5
2026-09-23T09:26:12,SC,sports_leisure,21.71,0,3
2026-09-23T09:26:12,MG,health_beauty,107.43,0,4
2026-09-23T09:26:12,SC,furniture_decor,49.36,0,4
2026-09-23T09:26:12,SC,computers_accessories,84.63,0,2
2026-09-23T09:26:12,DF,furniture_decor,47.69,1,2
2026-09-23T09:26:12,RS,watches_gifts,89.83,0,2
2026-09-23T09:26:12,RS,bed_bath_table,29.62,0,2
2026-09-23T09:26:12,RJ,furniture_decor,64.4,0,4
2026-09-23T09:26:12,PR,bed_bath_table,68.84,0,2
2026-09-23T09:26:12,RS,sports_leisure,111.22,0,4
2026-09-23T09:26:12,RJ,computers_accessories,48.83,1,2
2026-09-23T09:26:12,RJ,sports_leisure,93.44,1,1
2026-09-23T09:26:12,BA,bed_bath_table,70.88,0,2
2026-09-23T09:26:12,DF,bed_bath_table,52.29,0,3
2026-09-23T09:26:12,DF,furniture_decor,19.07,0,3
2026-09-23T09:26:12,SP,bed_bath_table,43.76,0,3
2026-09-23T09:26:12,SP,computers_accessories,45.3,0,3
2026-09-23T09:26:12,RJ,watches_gifts,53.68,0,2
2026-09-23T09:26:12,BA,sports_leisure,72.91,1,2
2026-09-23T09:26:12,RJ,health_beauty,77.07,0,2
2026-09-23T09:26:12,MG,bed_bath_table,98.4,1,1
2026-09-23T09:26:12,ES,bed_bath_table,68.12,0,4
2026-09-23T09:26:12,RS,computers_accessories,58.74,0,2
2026-09-23T09:26:12,PR,furniture_decor,82.18,0,3
2026-09-23T09:26:12,RS,bed_bath_table,117.19,1,2
2026-09-23T09:26:12,MG,furniture_decor,21.37,0,3
2026-09-23T09:26:12,SP,computers_accessories,88.73,0,2
2026-09-23T09:26:12,RS,bed_bath_table,76.28,0,3
2026-09-23T09:26:12,RJ,computers_accessories,62.89,1,1
2026-09-23T09:26:12,ES,bed_bath_table,111.48,0,4
2026-09-23T09:26:12,SC,watches_gifts,94.21,0,2
2026-09-23T09:26:13,SC,bed_bath_table,36.97,0,2
2026-09-23T09:26:13,MG,watches_gifts,74.44,0,5
2026-09-23T09:26:13,RJ,bed_bath_table,26.96,0,2
2026-09-23T09:26:13,RS,health_beauty,103.27,0,3
2026-09-23T09:26:13,SP,furniture_decor,51.52,1,1
2026-09-23T09:26:13,DF,health_beauty,58.83,0,4
2026-09-23T09:26:13,ES,bed_bath_table,53.57,0,4
2026-09-23T09:26:13,RJ,health_beauty,70.22,0,3
2026-09-23T09:26:13,RS,health_beauty,53.12,0,3
2026-09-23T09:26:13,RJ,bed_bath_table,25.85,0,5
2026-09-23T09:26:13,ES,health_beauty,98.5,0,4
2026-09-23T09:26:13,RS,watches_gifts,96.52,0,2
2026-09-23T09:26:13,PR,health_beauty,61.16,0,5
2026-09-23T09:26:13,ES,furniture_decor,45.27,0,5
2026-09-23T09:26:13,SC,sports_leisure,66.91,0,5
2026-09-23T09:26:13,MG,furniture_decor,102.84,0,5
2026-09-23T09:26:13,ES,computers_accessories,119.66,0,5
2026-09-23T09:26:13,BA,health_beauty,27.05,0,4
2026-09-23T09:26:13,RS,furniture_decor,38.16,0,2
2026-09-23T09:26:13,GO,watches_gifts,73.56,0,4
2026-09-23T09:26:13,PR,sports_leisure,110.95,0,2
2026-09-23T09:26:13,GO,health_beauty,67.36,1,1
2026-09-23T09:26:13,BA,computers_accessories,43.89,0,5
2026-09-23T09:26:13,DF,furniture_decor,56.28,0,5
2026-09-23T09:26:13,DF,computers_accessories,98.16,1,1
2026-09-23T09:26:13,SP,computers_accessories,94.65,1,1
2026-09-23T09:26:13,BA,watches_gifts,102.23,0,2
2026-09-23T09:26:13,SP,furniture_decor,108.11,1,2
2026-09-23T09:26:13,SP,sports_leisure,117.31,0,5
2026-09-23T09:26:13,SP,sports_leisure,33.27,0,5
2026-09-23T09:26:13,ES,bed_bath_table,117.24,0,4
2026-09-23T09:26:13,DF,sports_leisure,37.98,0,2
2026-09-23T09:26:13,BA,furniture_decor,88.39,0,2
2026-09-23T09:26:13,GO,watches_gifts,58.5,0,5
2026-09-23T09:26:13,SC,sports_leisure,37.92,0,3
2026-09-23T09:26:13,RJ,computers_accessories,50.61,0,2
2026-09-23T09:26:13,BA,computers_accessories,36.7,1,2
2026-09-23T09:26:13,RJ,bed_bath_table,58.95,0,5
2026-09-23T09:26:13,SC,sports_leisure,73.54,1,2
2026-09-23T09:26:13,SP,sports_leisure,113.82,0,2
2026-09-23T09:26:13,MG,bed_bath_table,22.81,0,2
2026-09-23T09:26:13,DF,watches_gifts,58.01,0,2
2026-09-23T09:26:13,SC,sports_leisure,53.91,0,5
2026-09-23T09:26:13,RJ,computers_accessories,89.9,0,3
2026-09-23T09:26:13,MG,computers_accessories,106.97,0,3
2026-09-23T09:26:13,PR,computers_accessories,58.09,1,1
2026-09-23T09:26:13,ES,computers_accessories,101.56,0,3
2026-09-23T09:26:14,ES,health_beauty,64.73,0,5
2026-09-23T09:26:14,PR,bed_bath_table,62.79,0,3
2026-09-23T09:26:14,GO,health_beauty,59.5,0,2
2026-09-23T09:26:14,GO,computers_accessories,51.49,0,4
2026-09-23T09:26:14,SC,computers_accessories,30.13,0,2
2026-09-23T09:26:14,BA,computers_accessories,16.66,0,3
2026-09-23T09:26:14,ES,watches_gifts,34.9,0,2
2026-09-23T09:26:14,ES,watches_gifts,104.2,0,5
2026-09-23T09:26:14,BA,sports_leisure,93.72,0,2
2026-09-23T09:26:14,GO,bed_bath_table,76.67,0,3
2026-09-23T09:26:14,RS,sports_leisure,18.83,1,2
2026-09-23T09:26:14,SC,furniture_decor,49.6,0,5
2026-09-23T09:26:14,PR,watches_gifts,110.78,0,2
2026-09-23T09:26:14,ES,bed_bath_table,17.21,0,3
2026-09-23T09:26:14,BA,computers_accessories,81.63,0,2
2026-09-23T09:26:14,RJ,computers_accessories,87.18,0,5
2026-09-23T09:26:14,SC,computers_accessories,18.38,1,2
2026-09-23T09:26:14,GO,health_beauty,73.46,0,3
2026-09-23T09:26:14,PR,watches_gifts,43.77,0,2
2026-09-23T09:26:14,GO,watches_gifts,100.65,0,5
2026-09-23T09:26:14,SC,watches_gifts,107.08,0,2
2026-09-23T09:26:14,RJ,furniture_decor,45.48,1,2
2026-09-23T09:26:14,SC,bed_bath_table,33.45,1,1
2026-09-23T09:26:14,BA,computers_accessories,42.08,1,2
2026-09-23T09:26:14,BA,furniture_decor,23.31,1,2
2026-09-23T09:26:14,SP,computers_accessories,63.7,0,2
2026-09-23T09:26:14,SP,furniture_decor,84.1,1,2
2026-09-23T09:26:14,SC,health_beauty,20.51,0,2
2026-09-23T09:26:14,RS,sports_leisure,118.45,0,4
2026-09-23T09:26:14,SC,watches_gifts,15.62,0,2
2026-09-23T09:26:14,BA,computers_accessories,29.1,0,3
2026-09-23T09:26:14,RS,bed_bath_table,27.24,0,4
2026-09-23T09:26:14,ES,furniture_decor,77.01,0,4
2026-09-23T09:26:14,RJ,health_beauty,59.15,0,3
2026-09-23T09:26:14,RS,furniture_decor,99.83,0,5
2026-09-23T09:26:14,RS,watches_gifts,115.18,0,4
2026-09-23T09:26:14,DF,furniture_decor,79.71,0,4
2026-09-23T09:26:14,DF,health_beauty,17.79,0,3
2026-09-23T09:26:14,ES,watches_gifts,93.37,0,2
2026-09-23T09:26:14,RS,watches_gifts,46.21,0,5
2026-09-23T09:26:14,RS,sports_leisure,41.65,1,1
2026-09-23T09:26:14,ES,watches_gifts,103.63,0,2
2026-09-23T09:26:14,RS,sports_leisure,63.31,1,2
2026-09-23T09:26:15,ES,health_beauty,59.65,1,2
2026-09-23T09:26:15,ES,sports_leisure,48.73,0,4
2026-09-23T09:26:15,RJ,bed_bath_table,45.72,0,3
2026-09-23T09:26:15,DF,health_beauty,69.52,0,3
2026-09-23T09:26:15,GO,watches_gifts,113.16,0,5
2026-09-23T09:26:15,RJ,sports_leisure,111.96,0,5
2026-09-23T09:26:15,SC,furniture_decor,106.29,0,5
2026-09-23T09:26:15,DF,sports_leisure,34.85,0,2
2026-09-23T09:26:15,SC,watches_gifts,51.65,0,4
2026-09-23T09:26:15,RS,health_beauty,53.98,0,3
2026-09-23T09:26:15,RJ,health_beauty,51.88,0,5
2026-09-23T09:26:15,BA,health_beauty,62.69,0,3
2026-09-23T09:26:15,SC,health_beauty,112.5,1,2
2026-09-23T09:26:15,BA,furniture_decor,27.04,0,2
2026-09-23T09:26:15,RJ,watches_gifts,93.44,0,5
2026-09-23T09:26:15,BA,computers_accessories,77.92,0,4
2026-09-23T09:26:15,SP,computers_accessories,102.47,1,2
2026-09-23T09:26:15,MG,furniture_decor,23.24,0,4
2026-09-23T09:26:15,BA,health_beauty,101.56,0,3
2026-09-23T09:26:15,SP,health_beauty,105.28,0,3
2026-09-23T09:26:15,SC,computers_accessories,27.86,0,3
2026-09-23T09:26:15,ES,watches_gifts,90.15,0,5
2026-09-23T09:26:15,GO,computers_accessories,19.98,0,3
2026-09-23T09:26:15,RJ,computers_accessories,22.2,0,3
2026-09-23T09:26:15,RJ,health_beauty,92.12,0,2
2026-09-23T09:26:15,GO,furniture_decor,62.7,0,2
2026-09-23T09:26:15,GO,sports_leisure,24.36,0,5
2026-09-23T09:26:15,MG,bed_bath_table,105.13,1,2
2026-09-23T09:26:15,MG,computers_accessories,66.34,0,3
2026-09-23T09:26:15,SC,sports_leisure,39.2,0,3
2026-09-23T09:26:15,SP,computers_accessories,44.49,1,1
2026-09-23T09:26:15,GO,health_beauty,89.43,0,4
2026-09-23T09:26:15,ES,computers_accessories,116.68,0,3
2026-09-23T09:26:15,RJ,sports_leisure,109.92,0,3
2026-09-23T09:26:15,SP,computers_accessories,51.86,0,2
2026-09-23T09:26:15,SC,bed_bath_table,105.06,0,4
2026-09-23T09:26:15,RS,sports_leisure,49.31,0,3
2026-09-23T09:26:15,ES,computers_accessories,57.31,0,4
2026-09-23T09:26:15,MG,furniture_decor,73.97,0,3
2026-09-23T09:26:15,RJ,sports_leisure,95.12,0,4
2026-09-23T09:26:15,SC,computers_accessories,62.95,0,2
2026-09-23T09:26:15,DF,watches_gifts,24.73,0,4
2026-09-23T09:26:15,MG,watches_gifts,70.88,0,4
2026-09-23T09:26:15,RS,health_beauty,36.48,0,4
2026-09-23T09:26:15,SP,sports_leisure,47.39,0,5
2026-09-23T09:26:15,GO,furniture_decor,92.08,0,2
2026-09-23T09:26:15,RJ,health_beauty,117.11,0,2
2026-09-23T09:26:15,PR,watches_gifts,55.29,0,2
2026-09-23T09:26:16,RS,health_beauty,90.12,0,4
2026-09-23T09:26:16,RJ,furniture_decor,66.29,0,3
2026-09-23T09:26:16,SC,health_beauty,31.23,0,5
2026-09-23T09:26:16,DF,health_beauty,24.6,1,1
2026-09-23T09:26:16,SC,bed_bath_table,117.28,0,4
2026-09-23T09:26:16,SP,furniture_decor,117.25,0,5
2026-09-23T09:26:16,BA,watches_gifts,101.21,0,2
2026-09-23T09:26:16,BA,health_beauty,115.3,0,3
2026-09-23T09:26:16,GO,health_beauty,71.97,0,3
2026-09-23T09:26:16,DF,health_beauty,113.65,1,2
2026-09-23T09:26:16,DF,computers_accessories,87.65,0,3
2026-09-23T09:26:16,DF,health_beauty,55.51,0,2
2026-09-23T09:26:16,BA,computers_accessories,52.93,1,1
2026-09-23T09:26:16,DF,sports_leisure,61.97,0,3
2026-09-23T09:26:16,DF,watches_gifts,90.8,0,5
2026-09-23T09:26:16,RJ,health_beauty,95.61,0,3
2026-09-23T09:26:16,SC,bed_bath_table,97.38,0,5
2026-09-23T09:26:16,RJ,health_beauty,46.55,0,5
2026-09-23T09:26:16,DF,computers_accessories,98.53,1,2
2026-09-23T09:26:16,RJ,watches_gifts,65.29,0,2
2026-09-23T09:26:16,ES,furniture_decor,93.67,0,5
2026-09-23T09:26:16,SP,computers_accessories,33.68,0,3
2026-09-23T09:26:16,BA,sports_leisure,119.94,0,3
2026-09-23T09:26:16,BA,computers_accessories,95.11,0,5
2026-09-23T09:26:16,DF,furniture_decor,81.67,1,2
2026-09-23T09:26:16,PR,health_beauty,78.73,0,4
2026-09-23T09:26:16,RS,computers_accessories,47.65,0,2
2026-09-23T09:26:16,MG,sports_leisure,98.2,0,2
2026-09-23T09:26:16,RS,furniture_decor,31.47,1,2
2026-09-23T09:26:16,RS,computers_accessories,81.07,0,3
2026-09-23T09:26:16,BA,bed_bath_table,95.75,0,4
2026-09-23T09:26:16,DF,sports_leisure,88.07,0,4
2026-09-23T09:26:16,PR,sports_leisure,81.0,0,2
2026-09-23T09:26:16,RJ,sports_leisure,105.63,0,5
2026-09-23T09:26:17,RJ,sports_leisure,72.95,0,4
2026-09-23T09:26:17,PR,watches_gifts,23.46,0,5
2026-09-23T09:26:17,SC,bed_bath_table,65.34,0,2
2026-09-23T09:26:17,RJ,sports_leisure,21.68,0,4
2026-09-23T09:26:17,GO,furniture_decor,48.1,0,3
2026-09-23T09:26:17,MG,bed_bath_table,71.37,0,2
2026-09-23T09:26:17,GO,sports_leisure,72.74,0,3
2026-09-23T09:26:17,BA,bed_bath_table,19.24,0,2
2026-09-23T09:26:17,MG,sports_leisure,113.8,0,5
2026-09-23T09:26:17,PR,watches_gifts,80.54,0,5
2026-09-23T09:26:17,SP,computers_accessories,63.35,0,3
2026-09-23T09:26:17,GO,sports_leisure,117.83,0,3
2026-09-23T09:26:17,BA,watches_gifts,68.67,0,5
2026-09-23T09:26:17,MG,bed_bath_table,48.01,0,5
2026-09-23T09:26:17,DF,bed_bath_table,48.96,0,2
2026-09-23T09:26:17,GO,sports_leisure,91.28,0,3
2026-09-23T09:26:17,RS,computers_accessories,80.76,0,2
2026-09-23T09:26:17,GO,computers_accessories,88.26,0,3
2026-09-23T09:26:17,RS,health_beauty,107.98,0,4
2026-09-23T09:26:17,SC,furniture_decor,55.68,0,5
2026-09-23T09:26:17,BA,computers_accessories,53.06,0,5
2026-09-23T09:26:17,RJ,sports_leisure,62.96,0,2
2026-09-23T09:26:17,GO,sports_leisure,42.64,0,5
2026-09-23T09:26:17,DF,sports_leisure,40.07,0,2
2026-09-23T09:26:17,MG,watches_gifts,23.56,0,3
2026-09-23T09:26:17,DF,computers_accessories,100.63,0,4
2026-09-23T09:26:17,RS,watches_gifts,48.22,0,3
2026-09-23T09:26:17,SC,watches_gifts,72.2,0,4
2026-09-23T09:26:17,ES,bed_bath_table,96.52,0,5
2026-09-23T09:26:17,ES,bed_bath_table,105.6,0,3
2026-09-23T09:26:17,RJ,sports_leisure,103.32,0,2
2026-09-23T09:26:17,BA,computers_accessories,73.12,0,2
2026-09-23T09:26:17,BA,computers_accessories,28.45,1,1
2026-09-23T09:26:17,SP,computers_accessories,15.22,0,2
2026-09-23T09:26:17,RS,sports_leisure,102.09,1,2
2026-09-23T09:26:17,ES,bed_bath_table,118.73,0,4
2026-09-23T09:26:17,SP,furniture_decor,84.89,0,5
2026-09-23T09:26:17,DF,sports_leisure,47.19,0,3
2026-09-23T09:26:18,DF,watches_gifts,69.56,0,4
2026-09-23T09:26:18,GO,sports_leisure,61.24,0,4
2026-09-23T09:26:18,DF,health_beauty,102.07,1,2
2026-09-23T09:26:18,SC,health_beauty,15.02,1,2
2026-09-23T09:26:18,RJ,computers_accessories,93.07,0,4
2026-09-23T09:26:18,ES,sports_leisure,30.6,0,5
2026-09-23T09:26:18,SC,health_beauty,115.33,1,2
2026-09-23T09:26:18,BA,bed_bath_table,53.31,1,1
2026-09-23T09:26:18,MG,computers_accessories,39.37,1,2
2026-09-23T09:26:18,ES,furniture_decor,68.86,0,5
2026-09-23T09:26:18,GO,sports_leisure,49.55,0,5
2026-09-23T09:26:18,RS,watches_gifts,46.91,0,4
2026-09-23T09:26:18,RS,watches_gifts,90.92,0,4
2026-09-23T09:26:18,DF,health_beauty,103.32,0,4
2026-09-23T09:26:18,PR,health_beauty,67.63,0,4
2026-09-23T09:26:18,MG,computers_accessories,54.28,0,3
2026-09-23T09:26:18,GO,furniture_decor,33.65,0,5
2026-09-23T09:26:18,ES,computers_accessories,107.51,0,4
2026-09-23T09:26:18,RS,sports_leisure,59.64,1,1
2026-09-23T09:26:18,ES,sports_leisure,113.03,0,4
2026-09-23T09:26:18,BA,sports_leisure,95.26,1,1
2026-09-23T09:26:18,SP,furniture_decor,115.38,0,3
2026-09-23T09:26:18,SP,health_beauty,37.11,1,1
2026-09-23T09:26:18,RJ,watches_gifts,24.59,0,5
2026-09-23T09:26:18,GO,watches_gifts,81.72,0,5
2026-09-23T09:26:18,DF,health_beauty,29.89,1,1
2026-09-23T09:26:18,GO,furniture_decor,83.8,0,5
2026-09-23T09:26:18,RJ,health_beauty,91.4,0,5
2026-09-23T09:26:18,RS,computers_accessories,61.94,1,2
2026-09-23T09:26:18,PR,health_beauty,117.75,0,2
2026-09-23T09:26:18,DF,health_beauty,85.8,1,2
2026-09-23T09:26:18,PR,computers_accessories,22.11,0,3
2026-09-23T09:26:18,DF,bed_bath_table,75.84,0,4
2026-09-23T09:26:18,MG,computers_accessories,84.56,0,2
2026-09-23T09:26:18,SC,watches_gifts,43.04,0,5
2026-09-23T09:26:18,RS,furniture_decor,34.54,0,4
2026-09-23T09:26:18,PR,computers_accessories,33.61,0,4
2026-09-23T09:26:19,GO,furniture_decor,43.56,0,4
2026-09-23T09:26:19,SP,sports_leisure,88.82,1,2
2026-09-23T09:26:19,SC,sports_leisure,21.32,1,1
2026-09-23T09:26:19,ES,bed_bath_table,90.15,0,2
2026-09-23T09:26:19,GO,health_beauty,119.34,0,4
2026-09-23T09:26:19,PR,watches_gifts,17.25,0,2
2026-09-23T09:26:19,RS,watches_gifts,49.86,0,3
2026-09-23T09:26:19,ES,bed_bath_table,114.19,0,4
2026-09-23T09:26:19,RS,sports_leisure,73.27,0,4
2026-09-23T09:26:19,RS,bed_bath_table,51.84,0,5
2026-09-23T09:26:19,GO,watches_gifts,26.65,0,2
2026-09-23T09:26:19,GO,sports_leisure,60.41,0,3
2026-09-23T09:26:19,ES,computers_accessories,44.89,0,5
2026-09-23T09:26:19,RJ,furniture_decor,25.05,0,4
2026-09-23T09:26:19,RS,sports_leisure,66.63,0,4
2026-09-23T09:26:19,ES,computers_accessories,103.38,0,4
2026-09-23T09:26:19,DF,furniture_decor,76.48,0,3
2026-09-23T09:26:19,SP,computers_accessories,73.14,0,5
2026-09-23T09:26:19,BA,watches_gifts,56.05,0,3
2026-09-23T09:26:19,GO,watches_gifts,28.43,0,4
2026-09-23T09:26:19,RJ,health_beauty,116.75,1,2
2026-09-23T09:26:19,PR,health_beauty,110.53,0,4
2026-09-23T09:26:19,DF,computers_accessories,38.83,0,3
2026-09-23T09:26:19,RS,computers_accessories,86.17,0,4
2026-09-23T09:26:19,SC,computers_accessories,39.94,0,4
2026-09-23T09:26:19,SP,furniture_decor,43.31,1,2
2026-09-23T09:26:19,SC,furniture_decor,23.98,0,2
2026-09-23T09:26:19,MG,furniture_decor,21.27,0,5
2026-09-23T09:26:19,GO,bed_bath_table,51.62,0,2
2026-09-23T09:26:19,PR,health_beauty,74.13,0,5
2026-09-23T09:26:19,DF,watches_gifts,103.98,0,4
2026-09-23T09:26:19,RS,computers_accessories,44.82,0,4
2026-09-23T09:26:19,RS,health_beauty,45.19,0,3
2026-09-23T09:26:19,RS,computers_accessories,104.11,0,4
2026-09-23T09:26:19,SC,bed_bath_table,63.85,0,3
2026-09-23T09:26:19,SP,health_beauty,28.67,1,2
2026-09-23T09:26:19,SC,bed_bath_table,25.65,0,5
2026-09-23T09:26:19,RS,sports_leisure,83.81,0,3
2026-09-23T09:26:19,ES,bed_bath_table,96.85,0,5
2026-09-23T09:26:19,DF,furniture_decor,50.24,0,4
2026-09-23T09:26:19,SP,computers_accessories,105.1,1,1
2026-09-23T09:26:19,GO,sports_leisure,57.86,0,5
2026-09-23T09:26:19,GO,bed_bath_table,91.34,0,3
2026-09-23T09:26:19,GO,furniture_decor,108.73,1,2
2026-09-23T09:26:19,SC,bed_bath_table,93.89,0,4
2026-09-23T09:26:19,BA,watches_gifts,49.14,0,2
2026-09-23T09:26:20,PR,bed_bath_table,108.33,0,4
2026-09-23T09:26:20,RS,sports_leisure,15.78,0,5
2026-09-23T09:26:20,PR,watches_gifts,58.63,0,4
2026-09-23T09:26:20,SP,watches_gifts,99.69,0,3
2026-09-23T09:26:20,ES,bed_bath_table,87.49,0,5
2026-09-23T09:26:20,MG,furniture_decor,32.77,0,2
2026-09-23T09:26:20,GO,computers_accessories,101.43,0,2
2026-09-23T09:26:20,GO,sports_leisure,52.17,0,3
2026-09-23T09:26:20,RS,sports_leisure,73.43,0,2
2026-09-23T09:26:20,GO,furniture_decor,17.29,0,4
2026-09-23T09:26:20,MG,sports_leisure,106.09,0,2
2026-09-23T09:26:20,RJ,computers_accessories,36.43,0,5
2026-09-23T09:26:20,BA,bed_bath_table,26.77,0,4
2026-09-23T09:26:20,ES,computers_accessories,74.75,0,2
2026-09-23T09:26:20,SC,furniture_decor,74.62,0,3
2026-09-23T09:26:20,DF,bed_bath_table,74.57,0,2
2026-09-23T09:26:20,MG,health_beauty,49.26,0,4
2026-09-23T09:26:20,ES,health_beauty,35.11,0,4
2026-09-23T09:26:20,SC,health_beauty,108.58,0,3
2026-09-23T09:26:20,RJ,furniture_decor,85.75,1,1
2026-09-23T09:26:20,DF,computers_accessories,52.5,1,1
2026-09-23T09:26:20,GO,furniture_decor,40.3,1,1
2026-09-23T09:26:20,PR,bed_bath_table,26.58,0,3
2026-09-23T09:26:20,SC,computers_accessories,107.52,0,4
2026-09-23T09:26:20,SP,bed_bath_table,109.05,0,2
2026-09-23T09:26:20,ES,health_beauty,20.03,0,4
2026-09-23T09:26:20,RS,health_beauty,119.52,0,4
2026-09-23T09:26:20,BA,sports_leisure,56.95,0,2
2026-09-23T09:26:20,SP,sports_leisure,49.42,0,4
2026-09-23T09:26:20,RS,furniture_decor,100.28,0,4
2026-09-23T09:26:20,BA,sports_leisure,98.59,0,5
2026-09-23T09:26:20,SC,computers_accessories,89.89,0,5
2026-09-23T09:26:20,BA,bed_bath_table,81.88,0,4
2026-09-23T09:26:20,SP,watches_gifts,69.84,0,2
2026-09-23T09:26:20,GO,sports_leisure,58.51,1,2
2026-09-23T09:26:20,MG,furniture_decor,27.96,1,1
2026-09-23T09:26:20,DF,watches_gifts,90.4,0,4
2026-09-23T09:26:20,PR,health_beauty,19.25,0,2
2026-09-23T09:26:20,DF,furniture_decor,85.33,0,2
2026-09-23T09:26:20,BA,computers_accessories,99.98,0,2
2026-09-23T09:26:20,RJ,computers_accessories,47.26,0,3
2026-09-23T09:26:20,RJ,watches_gifts,25.98,0,5
2026-09-23T09:26:20,BA,sports_leisure,104.19,0,4
2026-09-23T09:26:20,RS,health_beauty,97.68,1,1
2026-09-23T09:26:20,RS,watches_gifts,40.2,0,2
2026-09-23T09:26:20,PR,sports_leisure,72.06,0,2
2026-09-23T09:26:20,SP,sports_leisure,45.17,0,3
2026-09-23T09:26:20,RJ,bed_bath_table,112.3,0,3
2026-09-23T09:26:20,GO,health_beauty,99.94,0,4
2026-09-23T09:26:20,SP,watches_gifts,77.02,0,4
2026-09-23T09:26:20,BA,computers_accessories,94.29,1,1
2026-09-23T09:26:20,ES,health_beauty,57.6,0,4
2026-09-23T09:26:20,PR,computers_accessories,110.33,0,3
2026-09-23T09:26:20,DF,furniture_decor,75.28,0,5
2026-09-23T09:26:20,BA,watches_gifts,19.85,0,3
2026-09-23T09:26:21,PR,furniture_decor,60.07,0,2
2026-09-23T09:26:21,PR,furniture_decor,93.16,0,4
2026-09-23T09:26:21,GO,computers_accessories,60.53,0,3
2026-09-23T09:26:21,SC,watches_gifts,116.12,0,4
2026-09-23T09:26:21,ES,watches_gifts,21.36,0,4
2026-09-23T09:26:21,SP,watches_gifts,81.28,0,2
2026-09-23T09:26:21,MG,watches_gifts,42.6,0,2
2026-09-23T09:26:21,BA,watches_gifts,81.44,0,5
2026-09-23T09:26:21,GO,watches_gifts,67.42,0,4
2026-09-23T09:26:21,PR,health_beauty,44.3,0,4
2026-09-23T09:26:21,ES,watches_gifts,19.0,0,5
2026-09-23T09:26:21,RJ,watches_gifts,96.9,0,3
2026-09-23T09:26:21,PR,watches_gifts,119.8,0,2
2026-09-23T09:26:21,ES,bed_bath_table,26.49,0,5
2026-09-23T09:26:21,BA,watches_gifts,71.83,0,4
2026-09-23T09:26:21,ES,sports_leisure,85.53,0,3
2026-09-23T09:26:21,ES,furniture_decor,94.37,0,4
2026-09-23T09:26:21,BA,watches_gifts,95.59,0,3
2026-09-23T09:26:21,DF,health_beauty,51.19,0,2
2026-09-23T09:26:21,RJ,sports_leisure,111.51,0,5
2026-09-23T09:26:21,PR,sports_leisure,41.82,0,4
2026-09-23T09:26:21,BA,computers_accessories,58.26,0,4
2026-09-23T09:26:21,SP,furniture_decor,76.68,0,3
2026-09-23T09:26:21,GO,health_beauty,63.62,0,4
2026-09-23T09:26:21,SP,bed_bath_table,44.15,0,3
2026-09-23T09:26:21,SP,watches_gifts,77.21,0,3
2026-09-23T09:26:21,ES,watches_gifts,86.95,0,5
2026-09-23T09:26:21,RS,watches_gifts,22.65,1,1
2026-09-23T09:26:21,ES,bed_bath_table,52.3,0,5
2026-09-23T09:26:21,MG,bed_bath_table,81.03,0,5
2026-09-23T09:26:21,SC,computers_accessories,39.24,0,2
2026-09-23T09:26:21,MG,health_beauty,112.85,1,2
2026-09-23T09:26:21,RS,sports_leisure,114.94,0,4
2026-09-23T09:26:21,PR,sports_leisure,96.29,1,2
2026-09-23T09:26:21,PR,watches_gifts,53.83,1,2
2026-09-23T09:26:21,RJ,computers_accessories,57.41,1,1
2026-09-23T09:26:21,RJ,furniture_decor,45.47,0,3
2026-09-23T09:26:21,DF,health_beauty,48.06,0,3
2026-09-23T09:26:21,GO,watches_gifts,82.64,0,3
2026-09-23T09:26:21,BA,bed_bath_table,118.01,0,2
2026-09-23T09:26:21,SC,sports_leisure,107.69,0,4
2026-09-23T09:26:21,ES,health_beauty,41.03,0,3
2026-09-23T09:26:21,SC,bed_bath_table,24.63,0,4
2026-09-23T09:26:21,RJ,furniture_decor,43.7,0,4
2026-09-23T09:26:21,SP,sports_leisure,89.59,0,4
2026-09-23T09:26:21,ES,bed_bath_table,17.32,0,2
2026-09-23T09:26:21,GO,health_beauty,119.97,0,2
2026-09-23T09:26:21,SC,computers_accessories,110.28,0,4
2026-09-23T09:26:22,SC,computers_accessories,69.51,0,5
2026-09-23T09:26:22,PR,health_beauty,46.57,0,3
2026-09-23T09:26:22,RS,watches_gifts,61.21,1,2
2026-09-23T09:26:22,RS,furniture_decor,80.65,0,5
2026-09-23T09:26:22,ES,furniture_decor,41.91,0,5
2026-09-23T09:26:22,GO,bed_bath_table,55.74,0,2
2026-09-23T09:26:22,SC,sports_leisure,77.1,0,4
2026-09-23T09:26:22,DF,bed_bath_table,16.79,0,4
2026-09-23T09:26:22,MG,health_beauty,39.63,0,2
2026-09-23T09:26:22,PR,sports_leisure,71.61,0,2
2026-09-23T09:26:22,DF,health_beauty,102.61,0,2
2026-09-23T09:26:22,SP,furniture_decor,90.15,0,2
2026-09-23T09:26:22,DF,watches_gifts,39.9,0,2
2026-09-23T09:26:22,BA,bed_bath_table,84.22,0,2
2026-09-23T09:26:22,MG,health_beauty,75.15,0,3
2026-09-23T09:26:22,SC,sports_leisure,31.93,0,2
2026-09-23T09:26:22,BA,health_beauty,97.51,0,4
2026-09-23T09:26:22,RS,bed_bath_table,46.8,0,2
2026-09-23T09:26:22,GO,watches_gifts,93.07,0,5
2026-09-23T09:26:22,PR,sports_leisure,70.08,0,3
2026-09-23T09:26:22,RJ,bed_bath_table,115.43,1,1
2026-09-23T09:26:22,SC,furniture_decor,27.11,0,3
2026-09-23T09:26:22,DF,health_beauty,30.24,0,4
2026-09-23T09:26:22,PR,bed_bath_table,97.29,1,2
2026-09-23T09:26:22,SC,bed_bath_table,77.96,0,3
2026-09-23T09:26:22,GO,health_beauty,36.83,0,2
2026-09-23T09:26:22,DF,watches_gifts,110.18,0,2
2026-09-23T09:26:22,RS,bed_bath_table,119.24,0,2
2026-09-23T09:26:22,PR,computers_accessories,17.57,1,1
2026-09-23T09:26:22,DF,furniture_decor,109.63,0,4
2026-09-23T09:26:22,SC,furniture_decor,117.98,0,2
2026-09-23T09:26:22,DF,bed_bath_table,111.63,0,5
2026-09-23T09:26:22,RS,computers_accessories,95.52,1,1
2026-09-23T09:26:22,DF,health_beauty,20.66,0,3
2026-09-23T09:26:22,RS,watches_gifts,36.05,1,1
2026-09-23T09:26:22,BA,computers_accessories,23.89,1,1
2026-09-23T09:26:22,DF,health_beauty,115.31,0,5
2026-09-23T09:26:22,DF,bed_bath_table,111.17,0,4
2026-09-23T09:26:23,SC,computers_accessories,103.21,0,4
2026-09-23T09:26:23,MG,sports_leisure,72.81,0,4
2026-09-23T09:26:23,SC,computers_accessories,46.65,0,3
2026-09-23T09:26:23,BA,furniture_decor,38.68,1,1
2026-09-23T09:26:23,RS,watches_gifts,81.42,0,5
2026-09-23T09:26:23,GO,furniture_decor,70.55,0,4
2026-09-23T09:26:23,RJ,bed_bath_table,88.9,1,2
2026-09-23T09:26:23,RS,health_beauty,42.17,0,5
2026-09-23T09:26:23,SC,bed_bath_table,64.93,0,2
2026-09-23T09:26:23,DF,sports_leisure,77.51,0,3
2026-09-23T09:26:23,SP,watches_gifts,83.9,0,5
2026-09-23T09:26:23,SP,watches_gifts,19.24,0,5
2026-09-23T09:26:23,GO,computers_accessories,109.62,0,4
2026-09-23T09:26:23,DF,sports_leisure,24.63,0,3
2026-09-23T09:26:23,RJ,furniture_decor,89.52,0,3
2026-09-23T09:26:23,DF,computers_accessories,75.95,0,3
2026-09-23T09:26:23,SC,furniture_decor,42.69,1,2
2026-09-23T09:26:23,RJ,health_beauty,69.85,1,1
2026-09-23T09:26:23,SC,furniture_decor,54.39,0,4
2026-09-23T09:26:23,PR,bed_bath_table,99.22,0,2
2026-09-23T09:26:23,SC,furniture_decor,98.28,0,3
2026-09-23T09:26:23,SP,health_beauty,39.44,0,2
2026-09-23T09:26:23,BA,computers_accessories,75.84,0,3
2026-09-23T09:26:23,RJ,furniture_decor,44.63,0,4
2026-09-23T09:26:23,RJ,health_beauty,23.3,0,2
2026-09-23T09:26:23,RJ,watches_gifts,92.42,0,3
2026-09-23T09:26:23,SP,sports_leisure,86.61,0,4
2026-09-23T09:26:23,RS,furniture_decor,94.98,0,5
2026-09-23T09:26:23,GO,computers_accessories,100.35,0,5
2026-09-23T09:26:23,MG,computers_accessories,54.67,0,2
2026-09-23T09:26:23,MG,health_beauty,115.08,0,5
2026-09-23T09:26:23,PR,furniture_decor,89.53,0,3
2026-09-23T09:26:23,DF,health_beauty,53.32,0,2
2026-09-23T09:26:23,PR,watches_gifts,54.0,0,3
2026-09-23T09:26:23,ES,watches_gifts,53.93,0,5
2026-09-23T09:26:23,ES,health_beauty,38.58,1,1
2026-09-23T09:26:23,ES,computers_accessories,43.88,0,4
2026-09-23T09:26:23,RS,watches_gifts,18.1,0,2
2026-09-23T09:26:23,PR,furniture_decor,48.8,0,4
2026-09-23T09:26:23,PR,furniture_decor,37.35,0,3
2026-09-23T09:26:23,GO,bed_bath_table,73.8,0,2
2026-09-23T09:26:23,RJ,health_beauty,15.86,0,4
2026-09-23T09:26:23,PR,bed_bath_table,84.45,0,3
2026-09-23T09:26:23,PR,bed_bath_table,29.47,0,4
2026-09-23T09:26:23,DF,health_beauty,72.94,0,5
2026-09-23T09:26:23,RS,sports_leisure,99.51,0,4
2026-09-23T09:26:23,MG,health_beauty,98.92,0,5
2026-09-23T09:26:23,SP,sports_leisure,93.42,0,3
2026-09-23T09:26:23,PR,bed_bath_table,43.73,0,2
2026-09-23T09:26:23,RS,computers_accessories,109.95,0,4
2026-09-23T09:26:23,RJ,computers_accessories,85.5,0,2
2026-09-23T09:26:24,DF,computers_accessories,108.39,0,3
2026-09-23T09:26:24,ES,health_beauty,56.22,0,3
2026-09-23T09:26:24,GO,furniture_decor,108.31,1,1
2026-09-23T09:26:24,DF,furniture_decor,100.59,0,2
2026-09-23T09:26:24,SP,watches_gifts,119.6,0,3
2026-09-23T09:26:24,PR,watches_gifts,62.32,0,2
2026-09-23T09:26:24,DF,sports_leisure,59.68,0,3
2026-09-23T09:26:24,MG,sports_leisure,93.8,1,1
2026-09-23T09:26:24,GO,furniture_decor,35.15,1,1
2026-09-23T09:26:24,MG,health_beauty,80.36,1,1
2026-09-23T09:26:24,RJ,watches_gifts,91.92,0,3
2026-09-23T09:26:24,DF,computers_accessories,97.49,1,1
2026-09-23T09:26:24,RJ,computers_accessories,80.17,0,3
2026-09-23T09:26:24,RJ,computers_accessories,23.82,0,2
2026-09-23T09:26:24,RS,sports_leisure,43.87,0,2
2026-09-23T09:26:24,GO,furniture_decor,109.9,0,2
2026-09-23T09:26:24,ES,bed_bath_table,21.12,0,3
2026-09-23T09:26:24,SC,bed_bath_table,34.28,1,2
2026-09-23T09:26:24,BA,health_beauty,66.9,0,4
2026-09-23T09:26:24,DF,furniture_decor,34.31,0,5
2026-09-23T09:26:24,SC,health_beauty,102.13,0,2
2026-09-23T09:26:24,RJ,watches_gifts,87.7,0,3
2026-09-23T09:26:24,SC,sports_leisure,45.6,0,5
2026-09-23T09:26:24,GO,computers_accessories,45.57,1,2
2026-09-23T09:26:24,MG,health_beauty,107.98,0,5
2026-09-23T09:26:24,DF,health_beauty,58.35,0,3
2026-09-23T09:26:24,RJ,furniture_decor,117.0,0,2
2026-09-23T09:26:24,SP,bed_bath_table,99.22,0,5
2026-09-23T09:26:24,ES,computers_accessories,87.04,0,2
2026-09-23T09:26:24,RJ,furniture_decor,84.37,0,4
2026-09-23T09:26:24,SC,bed_bath_table,107.34,0,4
2026-09-23T09:26:24,RJ,bed_bath_table,87.7,0,4
2026-09-23T09:26:24,RS,sports_leisure,36.01,0,4
2026-09-23T09:26:24,SP,watches_gifts,108.4,0,3
2026-09-23T09:26:24,RJ,furniture_decor,68.42,1,2
2026-09-23T09:26:24,MG,furniture_decor,102.7,1,2
2026-09-23T09:26:24,DF,computers_accessories,105.63,0,3
2026-09-23T09:26:24,ES,sports_leisure,21.87,0,2
2026-09-23T09:26:24,RJ,health_beauty,26.78,0,5
2026-09-23T09:26:24,GO,sports_leisure,94.43,0,2
2026-09-23T09:26:24,MG,health_beauty,54.45,1,2
2026-09-23T09:26:24,DF,furniture_decor,27.05,0,5
2026-09-23T09:26:24,RJ,furniture_decor,39.68,1,2
2026-09-23T09:26:24,SP,bed_bath_table,44.22,0,3
2026-09-23T09:26:24,GO,watches_gifts,96.89,0,3
2026-09-23T09:26:24,ES,health_beauty,108.24,0,4
2026-09-23T09:26:24,PR,furniture_decor,68.43,0,5
2026-09-23T09:26:24,ES,bed_bath_table,78.48,0,5
2026-09-23T09:26:24,DF,bed_bath_table,100.97,0,5
2026-09-23T09:26:24,PR,watches_gifts,86.43,0,4
2026-09-23T09:26:24,RS,furniture_decor,59.58,0,5
2026-09-23T09:26:24,MG,computers_accessories,57.78,1,1
2026-09-23T09:26:24,RS,health_beauty,100.65,1,2
2026-09-23T09:26:24,RJ,bed_bath_table,97.52,0,2
2026-09-23T09:26:24,MG,health_beauty,108.73,0,5
2026-09-23T09:26:25,SC,furniture_decor,74.33,0,2
2026-09-23T09:26:25,SP,bed_bath_table,91.28,0,5
2026-09-23T09:26:25,SP,computers_accessories,73.01,0,3
2026-09-23T09:26:25,SC,watches_gifts,56.36,0,4
2026-09-23T09:26:25,ES,computers_accessories,37.34,1,2
2026-09-23T09:26:25,MG,sports_leisure,77.2,0,5
2026-09-23T09:26:25,BA,furniture_decor,94.83,0,2
2026-09-23T09:26:25,PR,computers_accessories,100.88,0,2
2026-09-23T09:26:25,GO,furniture_decor,103.54,0,4
2026-09-23T09:26:25,PR,watches_gifts,24.76,0,4
2026-09-23T09:26:25,RJ,watches_gifts,16.85,0,4
2026-09-23T09:26:25,ES,watches_gifts,60.67,0,4
2026-09-23T09:26:25,GO,computers_accessories,24.33,0,4
2026-09-23T09:26:25,DF,furniture_decor,108.28,1,2
2026-09-23T09:26:25,RS,health_beauty,103.91,0,3
2026-09-23T09:26:25,GO,furniture_decor,97.75,0,2
2026-09-23T09:26:25,RJ,furniture_decor,15.31,0,2
2026-09-23T09:26:25,ES,bed_bath_table,33.55,0,3
2026-09-23T09:26:25,RS,bed_bath_table,113.99,0,4
2026-09-23T09:26:25,PR,watches_gifts,46.11,0,5
2026-09-23T09:26:25,RS,watches_gifts,40.98,0,2
2026-09-23T09:26:25,ES,computers_accessories,73.08,0,3
2026-09-23T09:26:25,DF,health_beauty,56.25,0,2
2026-09-23T09:26:25,SC,health_beauty,92.86,0,3
2026-09-23T09:26:25,DF,sports_leisure,91.08,0,5
2026-09-23T09:26:25,SC,furniture_decor,24.74,0,3
2026-09-23T09:26:25,MG,watches_gifts,71.67,0,4
2026-09-23T09:26:25,RJ,computers_accessories,95.02,0,4
2026-09-23T09:26:26,BA,computers_accessories,27.38,0,3
2026-09-23T09:26:26,DF,furniture_decor,25.32,0,4
2026-09-23T09:26:26,DF,watches_gifts,34.63,0,4
2026-09-23T09:26:26,BA,sports_leisure,19.07,0,3
2026-09-23T09:26:26,SP,bed_bath_table,82.89,0,4
2026-09-23T09:26:26,ES,health_beauty,30.7,0,4
2026-09-23T09:26:26,MG,computers_accessories,81.41,0,5
2026-09-23T09:26:26,RJ,watches_gifts,18.89,1,1
2026-09-23T09:26:26,PR,bed_bath_table,107.68,0,2
2026-09-23T09:26:26,DF,furniture_decor,92.33,0,5
2026-09-23T09:26:26,RJ,sports_leisure,76.24,0,3
2026-09-23T09:26:26,RS,bed_bath_table,89.98,0,2
2026-09-23T09:26:26,MG,bed_bath_table,62.93,0,4
2026-09-23T09:26:26,MG,computers_accessories,49.27,0,5
2026-09-23T09:26:26,SP,computers_accessories,104.45,0,3
2026-09-23T09:26:26,RJ,health_beauty,19.7,0,4
2026-09-23T09:26:26,MG,sports_leisure,28.38,0,2
2026-09-23T09:26:26,ES,watches_gifts,68.99,0,5
2026-09-23T09:26:26,BA,sports_leisure,18.39,1,2
2026-09-23T09:26:26,DF,watches_gifts,35.15,0,3
2026-09-23T09:26:26,RS,health_beauty,52.79,1,1
2026-09-23T09:26:26,PR,sports_leisure,15.17,0,2
2026-09-23T09:26:26,ES,sports_leisure,96.46,0,3
2026-09-23T09:26:26,BA,health_beauty,59.39,0,4
2026-09-23T09:26:26,SP,health_beauty,52.19,1,1
2026-09-23T09:26:26,BA,bed_bath_table,72.34,1,2
2026-09-23T09:26:26,ES,health_beauty,113.71,0,3
2026-09-23T09:26:26,SP,computers_accessories,110.76,0,3
2026-09-23T09:26:26,RJ,furniture_decor,42.47,0,3
2026-09-23T09:26:26,MG,health_beauty,52.77,0,2
2026-09-23T09:26:26,GO,bed_bath_table,43.9,0,4
2026-09-23T09:26:26,RS,watches_gifts,106.43,0,5
2026-09-23T09:26:26,RJ,sports_leisure,21.99,0,5
2026-09-23T09:26:26,MG,sports_leisure,83.24,0,5
2026-09-23T09:26:26,PR,health_beauty,118.46,1,2
2026-09-23T09:26:26,DF,furniture_decor,99.57,0,3
2026-09-23T09:26:26,SC,watches_gifts,96.22,0,5
2026-09-23T09:26:26,BA,bed_bath_table,22.78,0,3
2026-09-23T09:26:26,BA,watches_gifts,31.17,0,5
2026-09-23T09:26:26,BA,bed_bath_table,97.81,0,5
2026-09-23T09:26:26,PR,computers_accessories,16.51,1,1
2026-09-23T09:26:26,SC,computers_accessories,104.23,0,4
2026-09-23T09:26:26,GO,furniture_decor,54.37,0,3
2026-09-23T09:26:26,GO,furniture_decor,39.87,1,1
2026-09-23T09:26:26,BA,health_beauty,63.83,1,2
2026-09-23T09:26:26,GO,bed_bath_table,34.33,1,2
2026-09-23T09:26:26,BA,furniture_decor,26.44,0,3
2026-09-23T09:26:27,ES,watches_gifts,38.94,0,4
2026-09-23T09:26:27,SP,sports_leisure,91.67,0,4
2026-09-23T09:26:27,RJ,sports_leisure,105.24,0,2
2026-09-23T09:26:27,RJ,sports_leisure,115.72,1,1
2026-09-23T09:26:27,RJ,computers_accessories,24.87,1,2
2026-09-23T09:26:27,RS,furniture_decor,116.83,0,2
2026-09-23T09:26:27,BA,computers_accessories,18.02,0,4
2026-09-23T09:26:27,ES,computers_accessories,91.12,0,4
2026-09-23T09:26:27,GO,sports_leisure,20.87,0,4
2026-09-23T09:26:27,SP,bed_bath_table,32.47,0,5
2026-09-23T09:26:27,DF,watches_gifts,49.99,0,3
2026-09-23T09:26:27,ES,watches_gifts,39.17,0,2
2026-09-23T09:26:27,DF,sports_leisure,55.75,1,2
2026-09-23T09:26:27,BA,computers_accessories,85.09,0,3
2026-09-23T09:26:27,SC,computers_accessories,93.69,0,2
2026-09-23T09:26:27,SP,bed_bath_table,118.53,0,4
2026-09-23T09:26:27,SC,watches_gifts,60.88,0,4
2026-09-23T09:26:27,ES,computers_accessories,108.93,0,2
2026-09-23T09:26:27,SP,furniture_decor,118.13,0,4
2026-09-23T09:26:27,PR,watches_gifts,74.09,0,3
2026-09-23T09:26:27,GO,health_beauty,20.33,0,5
2026-09-23T09:26:27,DF,health_beauty,19.71,0,4
2026-09-23T09:26:27,SC,watches_gifts,67.19,0,3
2026-09-23T09:26:27,RS,health_beauty,38.7,0,2
2026-09-23T09:26:27,ES,bed_bath_table,45.84,0,3
2026-09-23T09:26:27,RJ,watches_gifts,88.55,0,2
2026-09-23T09:26:27,RS,bed_bath_table,68.09,0,5
2026-09-23T09:26:27,RS,furniture_decor,114.93,1,1
2026-09-23T09:26:27,RJ,bed_bath_table,87.35,0,2
2026-09-23T09:26:27,PR,bed_bath_table,115.53,1,2
2026-09-23T09:26:27,DF,bed_bath_table,77.88,0,3
2026-09-23T09:26:27,GO,health_beauty,59.57,0,3
2026-09-23T09:26:27,RS,sports_leisure,37.27,0,3
2026-09-23T09:26:27,SC,bed_bath_table,79.3,0,5
2026-09-23T09:26:27,DF,furniture_decor,64.88,1,2
2026-09-23T09:26:27,BA,health_beauty,72.77,0,5
2026-09-23T09:26:27,MG,computers_accessories,81.38,1,1
2026-09-23T09:26:27,PR,sports_leisure,81.67,1,1
2026-09-23T09:26:27,ES,computers_accessories,88.68,0,2
2026-09-23T09:26:27,RS,computers_accessories,64.17,0,3
2026-09-23T09:26:27,PR,watches_gifts,49.45,0,3
2026-09-23T09:26:27,RS,health_beauty,44.27,0,3
2026-09-23T09:26:27,PR,computers_accessories,94.82,0,5
2026-09-23T09:26:27,DF,health_beauty,35.43,0,5
2026-09-23T09:26:27,DF,health_beauty,44.64,0,5
2026-09-23T09:26:27,ES,health_beauty,39.21,0,3
2026-09-23T09:26:27,SP,furniture_decor,109.62,0,4
2026-09-23T09:26:28,ES,furniture_decor,84.07,0,3
2026-09-23T09:26:28,RJ,watches_gifts,88.95,0,2
2026-09-23T09:26:28,ES,watches_gifts,21.95,0,4
2026-09-23T09:26:28,PR,computers_accessories,70.27,1,1
2026-09-23T09:26:28,PR,sports_leisure,92.42,0,2
2026-09-23T09:26:28,GO,sports_leisure,39.77,0,4
2026-09-23T09:26:28,BA,sports_leisure,23.82,0,4
2026-09-23T09:26:28,RJ,computers_accessories,96.13,1,1
2026-09-23T09:26:28,DF,computers_accessories,30.4,0,2
2026-09-23T09:26:28,GO,health_beauty,37.07,0,5
2026-09-23T09:26:28,ES,health_beauty,69.93,0,3
2026-09-23T09:26:28,MG,furniture_decor,19.0,1,2
2026-09-23T09:26:28,RJ,furniture_decor,119.38,0,4
2026-09-23T09:26:28,DF,sports_leisure,74.5,0,3
2026-09-23T09:26:28,SP,health_beauty,41.11,0,2
2026-09-23T09:26:28,GO,watches_gifts,37.17,0,4
2026-09-23T09:26:28,RS,furniture_decor,83.75,1,2
2026-09-23T09:26:28,DF,health_beauty,45.45,1,1
2026-09-23T09:26:28,SC,computers_accessories,46.94,0,3
2026-09-23T09:26:28,SP,sports_leisure,18.56,0,5
2026-09-23T09:26:28,GO,health_beauty,54.09,0,2
2026-09-23T09:26:28,MG,furniture_decor,96.48,1,2
2026-09-23T09:26:28,PR,health_beauty,32.58,1,1
2026-09-23T09:26:28,RS,health_beauty,91.11,0,2
2026-09-23T09:26:28,MG,sports_leisure,62.87,0,3
2026-09-23T09:26:28,RS,sports_leisure,98.58,0,5
2026-09-23T09:26:28,ES,furniture_decor,88.8,0,4
2026-09-23T09:26:28,SP,sports_leisure,102.09,0,5
2026-09-23T09:26:28,DF,sports_leisure,102.45,0,4
2026-09-23T09:26:28,RJ,watches_gifts,95.34,0,3
2026-09-23T09:26:28,RS,sports_leisure,103.54,1,1
2026-09-23T09:26:28,BA,sports_leisure,84.3,0,4
2026-09-23T09:26:28,SC,watches_gifts,117.13,0,5
2026-09-23T09:26:28,SP,furniture_decor,41.4,0,4
2026-09-23T09:26:28,ES,watches_gifts,38.65,0,3
2026-09-23T09:26:28,RJ,computers_accessories,105.36,0,5
2026-09-23T09:26:28,BA,bed_bath_table,59.06,1,2
2026-09-23T09:26:28,RJ,computers_accessories,99.46,1,2
2026-09-23T09:26:28,RJ,computers_accessories,46.26,0,3
2026-09-23T09:26:28,MG,furniture_decor,82.95,1,2
2026-09-23T09:26:28,SP,health_beauty,40.66,0,5
2026-09-23T09:26:28,PR,bed_bath_table,80.45,1,2
2026-09-23T09:26:28,BA,bed_bath_table,36.78,1,2
2026-09-23T09:26:28,PR,furniture_decor,115.15,0,2
2026-09-23T09:26:28,DF,watches_gifts,60.94,0,3
2026-09-23T09:26:28,RJ,computers_accessories,36.91,1,2
2026-09-23T09:26:28,GO,sports_leisure,65.15,0,5
2026-09-23T09:26:28,GO,computers_accessories,98.41,0,5
2026-09-23T09:26:28,GO,watches_gifts,27.49,0,3
2026-09-23T09:26:28,DF,furniture_decor,83.2,0,5
2026-09-23T09:26:29,RJ,furniture_decor,51.83,0,2
2026-09-23T09:26:29,PR,health_beauty,68.06,0,3
2026-09-23T09:26:29,SC,health_beauty,76.46,0,3
2026-09-23T09:26:29,SP,health_beauty,80.23,0,3
2026-09-23T09:26:29,MG,health_beauty,38.23,0,3
2026-09-23T09:26:29,MG,sports_leisure,107.32,0,2
2026-09-23T09:26:29,GO,furniture_decor,72.99,0,4
2026-09-23T09:26:29,ES,health_beauty,32.98,0,5
2026-09-23T09:26:29,RS,watches_gifts,80.26,1,1
2026-09-23T09:26:29,ES,health_beauty,57.77,1,1
2026-09-23T09:26:29,BA,furniture_decor,66.04,0,4
2026-09-23T09:26:29,MG,computers_accessories,48.47,1,2
2026-09-23T09:26:29,SC,watches_gifts,15.96,0,4
2026-09-23T09:26:29,RJ,watches_gifts,79.37,0,5
2026-09-23T09:26:29,MG,sports_leisure,95.01,0,3
2026-09-23T09:26:29,RJ,bed_bath_table,67.31,1,2
2026-09-23T09:26:29,SP,watches_gifts,44.95,0,3
2026-09-23T09:26:29,RJ,bed_bath_table,119.22,0,5
2026-09-23T09:26:29,SP,watches_gifts,16.77,0,3
2026-09-23T09:26:29,SP,sports_leisure,46.62,0,2
2026-09-23T09:26:29,SC,watches_gifts,20.28,0,2
2026-09-23T09:26:29,PR,watches_gifts,100.76,0,4
2026-09-23T09:26:29,PR,computers_accessories,94.56,0,2
2026-09-23T09:26:29,SP,watches_gifts,73.81,0,3
2026-09-23T09:26:29,DF,health_beauty,116.02,0,3
2026-09-23T09:26:29,BA,computers_accessories,21.42,0,4
2026-09-23T09:26:29,RJ,furniture_decor,117.69,0,3
2026-09-23T09:26:29,BA,bed_bath_table,46.51,0,3
2026-09-23T09:26:29,MG,furniture_decor,85.02,0,3
2026-09-23T09:26:29,ES,sports_leisure,66.67,0,3
2026-09-23T09:26:29,RJ,health_beauty,73.29,0,5
2026-09-23T09:26:29,PR,watches_gifts,110.89,0,5
2026-09-23T09:26:29,PR,sports_leisure,64.78,1,2
2026-09-23T09:26:29,DF,furniture_decor,50.89,0,5
2026-09-23T09:26:29,RJ,sports_leisure,106.2,1,2
2026-09-23T09:26:29,BA,health_beauty,94.64,0,5
2026-09-23T09:26:29,GO,health_beauty,51.73,1,1
2026-09-23T09:26:29,PR,computers_accessories,20.94,0,5
2026-09-23T09:26:29,SC,watches_gifts,75.37,0,4
2026-09-23T09:26:29,ES,computers_accessories,16.34,0,4
2026-09-23T09:26:29,GO,watches_gifts,62.84,0,5
2026-09-23T09:26:29,ES,bed_bath_table,106.27,0,5
2026-09-23T09:26:29,GO,watches_gifts,42.95,0,2
2026-09-23T09:26:29,SC,health_beauty,25.82,0,2
2026-09-23T09:26:29,SP,watches_gifts,46.99,0,5
2026-09-23T09:26:29,SP,sports_leisure,79.56,0,5
2026-09-23T09:26:29,BA,sports_leisure,52.74,0,5
2026-09-23T09:26:29,SP,furniture_decor,110.53,0,5
2026-09-23T09:26:29,BA,watches_gifts,63.39,0,2
2026-09-23T09:26:29,PR,computers_accessories,32.69,0,3
2026-09-23T09:26:30,RS,sports_leisure,20.25,0,4
2026-09-23T09:26:30,RJ,watches_gifts,92.43,0,3
2026-09-23T09:26:30,RS,furniture_decor,41.25,1,2
2026-09-23T09:26:30,MG,bed_bath_table,72.58,0,4
2026-09-23T09:26:30,RS,sports_leisure,62.66,1,1
2026-09-23T09:26:30,GO,furniture_decor,86.05,0,3
2026-09-23T09:26:30,MG,sports_leisure,108.25,1,2
2026-09-23T09:26:30,DF,health_beauty,46.01,0,3
2026-09-23T09:26:30,RS,furniture_decor,59.08,0,5
2026-09-23T09:26:30,MG,furniture_decor,24.69,0,2
2026-09-23T09:26:30,DF,computers_accessories,92.95,0,3
2026-09-23T09:26:30,SP,furniture_decor,113.18,0,5
2026-09-23T09:26:30,RJ,computers_accessories,26.38,0,2
2026-09-23T09:26:30,SP,bed_bath_table,21.18,0,5
2026-09-23T09:26:30,DF,sports_leisure,113.27,0,2
2026-09-23T09:26:30,MG,bed_bath_table,87.7,0,5
2026-09-23T09:26:30,SC,computers_accessories,29.15,0,2
2026-09-23T09:26:30,BA,watches_gifts,44.93,0,2
2026-09-23T09:26:30,PR,health_beauty,87.93,0,5
2026-09-23T09:26:30,GO,computers_accessories,61.87,0,3
2026-09-23T09:26:30,PR,sports_leisure,52.06,0,3
2026-09-23T09:26:30,BA,bed_bath_table,106.3,0,2
2026-09-23T09:26:30,MG,health_beauty,27.46,0,4
2026-09-23T09:26:30,ES,bed_bath_table,17.47,0,2
2026-09-23T09:26:30,RS,computers_accessories,113.0,1,1
2026-09-23T09:26:30,ES,computers_accessories,38.66,0,5
2026-09-23T09:26:30,RJ,computers_accessories,38.93,0,2
2026-09-23T09:26:30,RJ,watches_gifts,52.51,0,3
2026-09-23T09:26:30,RS,sports_leisure,94.32,0,2
2026-09-23T09:26:30,RS,computers_accessories,40.7,0,4
2026-09-23T09:26:30,MG,sports_leisure,113.26,0,2
2026-09-23T09:26:30,DF,furniture_decor,34.16,0,4
2026-09-23T09:26:30,MG,watches_gifts,68.03,0,3
2026-09-23T09:26:30,ES,health_beauty,115.75,0,2
2026-09-23T09:26:30,DF,bed_bath_table,82.9,0,2
2026-09-23T09:26:30,SP,health_beauty,118.48,0,3
2026-09-23T09:26:30,ES,health_beauty,24.11,0,3
2026-09-23T09:26:30,SP,furniture_decor,79.02,0,3
2026-09-23T09:26:30,GO,health_beauty,69.56,0,4
2026-09-23T09:26:30,SP,health_beauty,18.77,1,1
2026-09-23T09:26:30,MG,computers_accessories,30.1,0,5
2026-09-23T09:26:30,PR,health_beauty,110.74,0,3
2026-09-23T09:26:30,GO,watches_gifts,90.42,0,5
2026-09-23T09:26:30,PR,health_beauty,97.46,0,4
2026-09-23T09:26:30,GO,bed_bath_table,94.44,0,5
2026-09-23T09:26:31,ES,bed_bath_table,58.18,0,4
2026-09-23T09:26:31,DF,sports_leisure,56.88,0,2
2026-09-23T09:26:31,MG,bed_bath_table,90.94,0,5
2026-09-23T09:26:31,MG,watches_gifts,114.91,0,4
2026-09-23T09:26:31,BA,sports_leisure,48.81,0,5
2026-09-23T09:26:31,SC,bed_bath_table,118.85,0,4
2026-09-23T09:26:31,SC,health_beauty,68.12,0,4
2026-09-23T09:26:31,ES,bed_bath_table,61.71,0,2
2026-09-23T09:26:31,SC,health_beauty,70.16,0,3
2026-09-23T09:26:31,DF,computers_accessories,54.54,0,5
2026-09-23T09:26:31,DF,bed_bath_table,21.27,0,5
2026-09-23T09:26:31,RS,computers_accessories,56.04,0,3
2026-09-23T09:26:31,GO,bed_bath_table,45.25,1,1
2026-09-23T09:26:31,ES,watches_gifts,83.46,0,5
2026-09-23T09:26:31,RS,sports_leisure,44.46,0,3
2026-09-23T09:26:31,DF,bed_bath_table,39.82,0,3
2026-09-23T09:26:31,RJ,watches_gifts,84.68,0,2
2026-09-23T09:26:31,RJ,watches_gifts,61.69,0,2
2026-09-23T09:26:31,RS,bed_bath_table,17.9,0,3
2026-09-23T09:26:31,SP,furniture_decor,115.75,0,5
2026-09-23T09:26:31,RS,watches_gifts,15.86,0,5
2026-09-23T09:26:31,RS,watches_gifts,84.1,0,4
2026-09-23T09:26:31,BA,bed_bath_table,38.05,0,2
2026-09-23T09:26:31,RS,bed_bath_table,71.24,0,3
2026-09-23T09:26:31,MG,watches_gifts,92.34,0,2
2026-09-23T09:26:31,GO,computers_accessories,47.77,0,4
2026-09-23T09:26:31,RJ,furniture_decor,66.54,0,2
2026-09-23T09:26:31,GO,health_beauty,75.14,0,5
2026-09-23T09:26:31,BA,computers_accessories,50.87,0,5
2026-09-23T09:26:31,PR,furniture_decor,38.08,1,1
2026-09-23T09:26:31,SC,health_beauty,46.57,0,5
2026-09-23T09:26:31,ES,sports_leisure,118.84,1,2
2026-09-23T09:26:31,PR,sports_leisure,31.19,0,2
2026-09-23T09:26:31,ES,health_beauty,15.92,0,4
2026-09-23T09:26:31,SC,computers_accessories,104.01,0,5
2026-09-23T09:26:31,ES,computers_accessories,36.52,0,3
2026-09-23T09:26:31,GO,health_beauty,40.72,0,3
2026-09-23T09:27:07,PR,computers_accessories,65.63,0,5
2026-09-23T09:27:07,RJ,watches_gifts,181.08,0,4
2026-09-23T09:27:07,ES,watches_gifts,78.68,0,5
2026-09-23T09:27:07,ES,bed_bath_table,234.17,0,3
2026-09-23T09:27:07,SC,computers_accessories,58.55,0,3
2026-09-23T09:27:08,DF,watches_gifts,75.33,0,4
2026-09-23T09:27:08,RS,furniture_decor,82.41,0,4
2026-09-23T09:27:08,MG,health_beauty,151.94,0,4
2026-09-23T09:27:08,SC,health_beauty,157.57,0,5
2026-09-23T09:27:08,BA,computers_accessories,106.32,0,4
2026-09-23T09:27:08,RJ,sports_leisure,87.4,0,4
2026-09-23T09:27:08,RS,watches_gifts,168.21,0,4
2026-09-23T09:27:09,MG,bed_bath_table,201.96,0,5
2026-09-23T09:27:09,SC,furniture_decor,196.08,0,3
2026-09-23T09:27:09,MG,bed_bath_table,136.77,1,1
2026-09-23T09:27:09,RS,health_beauty,57.14,0,4
2026-09-23T09:27:09,ES,computers_accessories,145.08,0,5
2026-09-23T09:27:09,GO,furniture_decor,32.73,0,3
2026-09-23T09:27:09,RJ,computers_accessories,185.36,0,4
2026-09-23T09:27:09,ES,sports_leisure,220.31,0,5
2026-09-23T09:27:10,ES,bed_bath_table,112.31,0,5
2026-09-23T09:27:10,ES,sports_leisure,31.3,0,3
2026-09-23T09:27:10,DF,bed_bath_table,211.09,0,3
2026-09-23T09:27:11,RS,watches_gifts,224.51,0,4
2026-09-23T09:27:11,SC,bed_bath_table,92.83,0,4
2026-09-23T09:27:11,GO,watches_gifts,105.06,0,3
2026-09-23T09:27:12,PR,furniture_decor,160.91,0,3
2026-09-23T09:27:12,RS,watches_gifts,174.58,0,3
2026-09-23T09:27:12,GO,health_beauty,183.98,1,1
2026-09-23T09:27:12,DF,health_beauty,222.34,1,1
2026-09-23T09:27:12,BA,sports_leisure,83.47,0,5
2026-09-23T09:27:12,DF,sports_leisure,241.26,0,5
2026-09-23T09:27:12,RJ,health_beauty,63.32,0,3
2026-09-23T09:27:13,RJ,furniture_decor,100.38,0,5
2026-09-23T09:27:13,DF,sports_leisure,107.18,0,3
2026-09-23T09:27:13,SC,watches_gifts,59.62,0,5
2026-09-23T09:27:13,MG,bed_bath_table,197.52,0,5
2026-09-23T09:27:13,DF,health_beauty,102.29,0,4
2026-09-23T09:27:13,RS,health_beauty,105.67,0,4
2026-09-23T09:27:13,BA,computers_accessories,30.91,0,3
2026-09-23T09:27:14,MG,watches_gifts,31.41,0,3
2026-09-23T09:27:14,SC,watches_gifts,230.93,0,3
2026-09-23T09:27:14,RS,sports_leisure,78.23,0,3
2026-09-23T09:27:15,DF,furniture_decor,106.86,0,3
2026-09-23T09:27:15,DF,watches_gifts,68.28,0,5
2026-09-23T09:27:15,RJ,health_beauty,165.78,0,3
2026-09-23T09:27:15,BA,furniture_decor,179.41,0,4
2026-09-23T09:27:15,DF,computers_accessories,221.93,0,4
2026-09-23T09:27:15,BA,furniture_decor,50.04,0,5
2026-09-23T09:27:15,SC,sports_leisure,175.4,0,3
2026-09-23T09:27:15,SC,computers_accessories,217.29,0,3
2026-09-23T09:27:16,RS,computers_accessories,136.94,0,3
2026-09-23T09:27:16,GO,watches_gifts,144.05,0,3
2026-09-23T09:27:16,SP,sports_leisure,122.22,0,5
2026-09-23T09:27:16,BA,bed_bath_table,142.54,0,3
2026-09-23T09:27:16,GO,furniture_decor,110.2,0,3
2026-09-23T09:27:16,PR,furniture_decor,184.83,0,3
2026-09-23T09:27:17,ES,computers_accessories,72.44,0,4
2026-09-23T09:27:17,GO,sports_leisure,138.07,0,5
2026-09-23T09:27:17,ES,health_beauty,115.6,0,3
2026-09-23T09:27:17,GO,watches_gifts,206.13,0,3
2026-09-23T09:27:17,PR,health_beauty,75.6,0,5
2026-09-23T09:27:17,DF,computers_accessories,31.88,0,5
2026-09-23T09:27:18,PR,watches_gifts,147.61,0,3
2026-09-23T09:27:18,GO,sports_leisure,216.01,0,4
2026-09-23T09:27:18,ES,bed_bath_table,164.31,0,3
2026-09-23T09:27:19,SC,bed_bath_table,157.27,1,1
2026-09-23T09:27:19,ES,sports_leisure,81.04,0,5
2026-09-23T09:27:19,RS,furniture_decor,215.61,1,2
2026-09-23T09:27:20,GO,furniture_decor,70.74,0,5
2026-09-23T09:27:20,GO,sports_leisure,59.56,0,5
2026-09-23T09:27:20,PR,bed_bath_table,52.5,0,3
2026-09-23T09:27:20,BA,health_beauty,49.61,1,2
2026-09-23T09:27:21,DF,computers_accessories,61.69,0,3
2026-09-23T09:27:21,SC,bed_bath_table,68.97,0,3
2026-09-23T09:27:21,SP,sports_leisure,72.72,0,4
2026-09-23T09:27:21,GO,health_beauty,140.09,0,5
2026-09-23T09:27:21,ES,sports_leisure,88.93,0,3
2026-09-23T09:27:21,SP,sports_leisure,179.52,1,2
2026-09-23T09:27:21,SC,watches_gifts,247.8,0,5
2026-09-23T09:27:21,RJ,bed_bath_table,33.55,0,5
2026-09-23T09:27:22,RJ,sports_leisure,194.09,0,4
2026-09-23T09:27:22,RS,bed_bath_table,194.76,0,4
2026-09-23T09:27:22,PR,watches_gifts,62.39,0,3
2026-09-23T09:27:22,SC,watches_gifts,144.63,0,3
2026-09-23T09:27:22,PR,computers_accessories,137.6,0,3
2026-09-23T09:27:23,PR,computers_accessories,154.57,0,3
2026-09-23T09:27:23,DF,bed_bath_table,41.13,0,4
2026-09-23T09:27:23,PR,watches_gifts,227.06,0,3
2026-09-23T09:27:23,BA,bed_bath_table,169.68,0,3
2026-09-23T09:27:23,PR,furniture_decor,91.63,0,3
2026-09-23T09:27:23,MG,furniture_decor,156.23,0,5
2026-09-23T09:27:23,SC,sports_leisure,130.38,0,4
2026-09-23T09:27:23,SP,furniture_decor,106.09,0,4
2026-09-23T09:27:24,MG,bed_bath_table,198.26,0,5
2026-09-23T09:27:24,MG,sports_leisure,248.2,1,2
2026-09-23T09:27:24,BA,health_beauty,110.68,0,3
2026-09-23T09:27:24,RS,health_beauty,115.45,0,5
2026-09-23T09:27:24,SC,watches_gifts,162.4,0,4
2026-09-23T09:27:24,SC,bed_bath_table,166.14,0,5
2026-09-23T09:27:24,MG,watches_gifts,210.38,0,4
2026-09-23T09:27:25,ES,health_beauty,241.73,0,3
2026-09-23T09:27:25,MG,health_beauty,49.11,0,4
2026-09-23T09:27:25,RJ,computers_accessories,186.49,0,4
2026-09-23T09:27:25,RS,bed_bath_table,175.14,0,5
2026-09-23T09:27:25,SC,bed_bath_table,235.85,0,4
2026-09-23T09:27:25,DF,sports_leisure,164.76,0,3
2026-09-23T09:27:25,BA,computers_accessories,94.34,0,4
2026-09-23T09:27:26,ES,furniture_decor,237.86,0,3
2026-09-23T09:27:26,SP,computers_accessories,87.24,0,5
2026-09-23T09:27:26,SC,health_beauty,158.81,0,5
2026-09-23T09:27:26,RS,watches_gifts,170.18,0,5
2026-09-23T09:27:26,ES,sports_leisure,169.46,0,4
2026-09-23T09:27:26,GO,furniture_decor,189.0,0,4
2026-09-23T09:34:46,RS,watches_gifts,76.23,0,5
2026-09-23T09:34:46,MG,sports_leisure,58.04,0,5
2026-09-23T09:34:46,BA,furniture_decor,40.0,0,5
2026-09-23T09:34:46,ES,bed_bath_table,54.99,0,5
2026-09-23T09:34:46,MG,sports_leisure,95.49,0,2
2026-09-23T09:34:46,PR,watches_gifts,64.49,0,2
2026-09-23T09:34:46,BA,watches_gifts,116.04,0,4
2026-09-23T09:34:46,BA,bed_bath_table,47.15,0,3
2026-09-23T09:34:46,SP,health_beauty,73.99,0,5
2026-09-23T09:34:46,RS,bed_bath_table,41.07,0,5
2026-09-23T09:34:46,RJ,bed_bath_table,22.69,0,4
2026-09-23T09:34:46,ES,furniture_decor,58.91,1,2
2026-09-23T09:34:46,ES,bed_bath_table,62.78,1,2
2026-09-23T09:34:46,BA,furniture_decor,53.61,0,3
2026-09-23T09:34:46,RJ,bed_bath_table,54.52,0,2
2026-09-23T09:34:46,BA,computers_accessories,116.16,0,4
2026-09-23T09:34:46,PR,bed_bath_table,17.18,0,4
2026-09-23T09:34:46,SP,watches_gifts,40.0,0,4
2026-09-23T09:34:46,SP,computers_accessories,41.08,0,5
2026-09-23T09:34:46,ES,watches_gifts,72.36,0,2
2026-09-23T09:34:46,RS,furniture_decor,26.34,0,4
2026-09-23T09:34:46,MG,furniture_decor,39.4,0,3
2026-09-23T09:34:46,SP,watches_gifts,89.55,0,5
2026-09-23T09:34:46,MG,computers_accessories,27.85,0,4
2026-09-23T09:34:46,RS,bed_bath_table,96.13,0,2
2026-09-23T09:34:46,MG,sports_leisure,84.37,0,5
2026-09-23T09:34:46,MG,computers_accessories,116.19,1,2
2026-09-23T09:34:46,SC,sports_leisure,39.7,0,5
2026-09-23T09:34:46,GO,health_beauty,101.49,0,3
2026-09-23T09:34:46,PR,health_beauty,72.78,0,2
2026-09-23T09:34:46,GO,watches_gifts,93.62,0,5
2026-09-23T09:34:46,BA,furniture_decor,58.64,0,4
2026-09-23T09:34:46,SC,computers_accessories,81.45,0,5
2026-09-23T09:34:46,ES,computers_accessories,33.18,0,4
2026-09-23T09:34:46,MG,health_beauty,113.95,0,2
2026-09-23T09:34:46,RJ,watches_gifts,34.25,0,5
2026-09-23T09:34:46,RS,computers_accessories,57.48,0,4
2026-09-23T09:34:46,SC,bed_bath_table,41.95,0,4
2026-09-23T09:34:46,RS,computers_accessories,50.12,0,5
2026-09-23T09:34:46,BA,bed_bath_table,52.01,0,2
2026-09-23T09:34:46,ES,health_beauty,34.75,0,4
2026-09-23T09:34:46,DF,health_beauty,33.29,0,3
2026-09-23T09:34:46,SC,computers_accessories,36.55,0,2
2026-09-23T09:34:46,SC,computers_accessories,31.26,1,1
2026-09-23T09:34:46,SP,health_beauty,89.74,0,3
2026-09-23T09:34:46,DF,computers_accessories,19.09,0,2
2026-09-23T09:34:47,GO,furniture_decor,39.7,0,4
2026-09-23T09:34:47,DF,computers_accessories,24.43,0,3
2026-09-23T09:34:47,SC,sports_leisure,25.66,1,2
2026-09-23T09:34:47,BA,furniture_decor,53.31,0,4
2026-09-23T09:34:47,ES,bed_bath_table,36.21,0,3
2026-09-23T09:34:47,RJ,watches_gifts,61.07,1,1
2026-09-23T09:34:47,RJ,computers_accessories,31.11,0,5
2026-09-23T09:34:47,SP,bed_bath_table,59.65,0,2
2026-09-23T09:34:47,DF,health_beauty,116.53,0,3
2026-09-23T09:34:47,PR,watches_gifts,94.88,0,2
2026-09-23T09:34:47,MG,sports_leisure,44.08,0,3
2026-09-23T09:34:47,MG,computers_accessories,72.53,0,2
2026-09-23T09:34:47,RJ,computers_accessories,21.85,0,5
2026-09-23T09:34:47,RS,watches_gifts,100.86,0,4
2026-09-23T09:34:47,RJ,computers_accessories,75.6,0,4
2026-09-23T09:34:47,SP,watches_gifts,116.51,0,4
2026-09-23T09:34:47,RS,watches_gifts,28.18,0,4
2026-09-23T09:34:47,MG,bed_bath_table,102.08,1,1
2026-09-23T09:34:47,SC,sports_leisure,41.57,1,2
2026-09-23T09:34:47,RS,furniture_decor,46.77,0,3
2026-09-23T09:34:47,RS,computers_accessories,27.31,0,2
2026-09-23T09:34:47,RJ,sports_leisure,33.24,0,3
2026-09-23T09:34:47,GO,watches_gifts,46.71,0,4
2026-09-23T09:34:47,MG,health_beauty,71.27,0,3
2026-09-23T09:34:47,GO,computers_accessories,54.42,0,2
2026-09-23T09:34:48,RJ,bed_bath_table,102.22,0,2
2026-09-23T09:34:48,ES,watches_gifts,50.17,1,2
2026-09-23T09:34:48,RS,sports_leisure,108.75,0,5
2026-09-23T09:34:48,ES,watches_gifts,49.9,0,2
2026-09-23T09:34:48,ES,bed_bath_table,104.14,0,5
2026-09-23T09:34:48,RS,health_beauty,78.35,0,2
2026-09-23T09:34:48,RS,furniture_decor,118.6,0,3
2026-09-23T09:34:48,GO,furniture_decor,43.67,0,2
2026-09-23T09:34:48,SP,computers_accessories,43.75,0,4
2026-09-23T09:34:48,ES,furniture_decor,103.08,0,4
2026-09-23T09:34:48,SP,sports_leisure,25.65,0,2
2026-09-23T09:34:48,MG,watches_gifts,49.74,0,3
2026-09-23T09:34:48,SC,furniture_decor,96.0,1,2
2026-09-23T09:34:48,PR,furniture_decor,83.99,1,2
2026-09-23T09:34:48,PR,bed_bath_table,82.97,1,1
2026-09-23T09:34:48,PR,watches_gifts,43.99,1,2
2026-09-23T09:34:48,DF,computers_accessories,42.94,0,5
2026-09-23T09:34:48,PR,health_beauty,103.74,0,5
2026-09-23T09:34:48,RS,furniture_decor,78.05,0,4
2026-09-23T09:34:48,RJ,sports_leisure,55.36,0,4
2026-09-23T09:34:48,SC,health_beauty,77.48,0,4
2026-09-23T09:34:48,DF,watches_gifts,114.04,0,5
2026-09-23T09:34:48,DF,health_beauty,89.04,0,3
2026-09-23T09:34:48,ES,watches_gifts,22.14,0,5
2026-09-23T09:34:48,RS,bed_bath_table,103.88,0,2
2026-09-23T09:34:48,RS,sports_leisure,98.37,0,5
2026-09-23T09:34:48,DF,bed_bath_table,16.63,0,2
2026-09-23T09:34:48,MG,bed_bath_table,93.38,0,2
2026-09-23T09:34:48,SP,sports_leisure,103.16,0,3
2026-09-23T09:34:48,SC,bed_bath_table,40.52,0,4
2026-09-23T09:34:48,DF,furniture_decor,46.52,1,2
2026-09-23T09:34:48,SC,furniture_decor,39.99,1,2
2026-09-23T09:34:48,BA,watches_gifts,40.13,0,4
2026-09-23T09:34:48,ES,bed_bath_table,63.0,1,2
2026-09-23T09:34:48,PR,watches_gifts,26.95,0,2
2026-09-23T09:34:48,SP,furniture_decor,109.87,0,5
2026-09-23T09:34:48,BA,watches_gifts,83.27,0,4
2026-09-23T09:34:48,RJ,health_beauty,52.92,0,3
2026-09-23T09:34:48,ES,furniture_decor,114.58,0,3
2026-09-23T09:34:48,GO,sports_leisure,41.12,0,4
2026-09-23T09:34:48,ES,bed_bath_table,30.74,0,2
2026-09-23T09:34:48,DF,computers_accessories,63.71,0,5
2026-09-23T09:34:48,GO,bed_bath_table,85.96,0,5
2026-09-23T09:34:48,BA,sports_leisure,52.83,0,2
2026-09-23T09:34:48,RJ,furniture_decor,86.71,0,5
2026-09-23T09:34:48,DF,health_beauty,60.28,0,2
2026-09-23T09:34:48,PR,furniture_decor,103.73,0,2
2026-09-23T09:34:48,GO,bed_bath_table,52.25,0,5
2026-09-23T09:34:48,SP,watches_gifts,63.21,0,3
2026-09-23T09:34:48,PR,sports_leisure,110.23,0,5
2026-09-23T09:34:48,SP,furniture_decor,96.74,1,2
2026-09-23T09:34:48,ES,sports_leisure,92.85,1,1
2026-09-23T09:34:48,BA,computers_accessories,37.5,0,2
2026-09-23T09:34:48,DF,watches_gifts,97.91,0,4
2026-09-23T09:34:48,PR,watches_gifts,105.17,0,5
2026-09-23T09:34:48,BA,sports_leisure,45.83,0,2
2026-09-23T09:34:49,MG,sports_leisure,70.5,0,4
2026-09-23T09:34:49,DF,computers_accessories,117.6,0,4
2026-09-23T09:34:49,MG,watches_gifts,101.31,0,3
2026-09-23T09:34:49,SP,bed_bath_table,73.79,1,2
2026-09-23T09:34:49,BA,furniture_decor,70.32,0,3
2026-09-23T09:34:49,PR,furniture_decor,85.62,0,2
2026-09-23T09:34:49,RJ,bed_bath_table,88.64,0,2
2026-09-23T09:34:49,DF,furniture_decor,46.78,1,1
2026-09-23T09:34:49,MG,furniture_decor,67.06,0,4
2026-09-23T09:34:49,PR,health_beauty,91.13,0,5
2026-09-23T09:34:49,BA,bed_bath_table,37.18,1,1
2026-09-23T09:34:49,SP,furniture_decor,90.78,0,3
2026-09-23T09:34:49,MG,furniture_decor,41.17,0,4
2026-09-23T09:34:49,GO,watches_gifts,98.58,1,1
2026-09-23T09:34:49,RS,health_beauty,72.85,0,2
2026-09-23T09:34:49,DF,computers_accessories,97.92,0,4
2026-09-23T09:34:49,BA,bed_bath_table,98.86,0,3
2026-09-23T09:34:49,RJ,furniture_decor,70.34,0,4
2026-09-23T09:34:49,MG,watches_gifts,118.39,1,2
2026-09-23T09:34:49,DF,computers_accessories,43.84,0,2
2026-09-23T09:34:49,DF,sports_leisure,115.5,1,1
2026-09-23T09:34:49,PR,computers_accessories,51.16,0,2
2026-09-23T09:34:49,ES,furniture_decor,117.39,0,4
2026-09-23T09:34:49,DF,computers_accessories,87.09,0,3
2026-09-23T09:34:49,ES,bed_bath_table,58.98,0,2
2026-09-23T09:34:49,GO,bed_bath_table,49.44,0,5
2026-09-23T09:34:49,SC,bed_bath_table,100.67,0,5
2026-09-23T09:34:49,BA,health_beauty,54.73,0,2
2026-09-23T09:34:49,SC,sports_leisure,42.37,1,1
2026-09-23T09:34:49,PR,watches_gifts,53.91,0,3
2026-09-23T09:34:49,ES,watches_gifts,92.79,0,3
2026-09-23T09:34:49,DF,furniture_decor,26.21,0,3
2026-09-23T09:34:49,MG,health_beauty,74.44,0,5
2026-09-23T09:34:49,BA,watches_gifts,77.41,1,2
2026-09-23T09:34:49,DF,computers_accessories,115.62,0,5
2026-09-23T09:34:49,RJ,furniture_decor,112.67,0,4
2026-09-23T09:34:49,BA,sports_leisure,104.22,0,4
2026-09-23T09:34:49,MG,computers_accessories,53.62,1,2
2026-09-23T09:34:49,GO,sports_leisure,73.36,0,2
2026-09-23T09:34:49,RJ,sports_leisure,66.14,0,4
2026-09-23T09:34:49,SP,health_beauty,20.59,0,4
2026-09-23T09:34:49,DF,bed_bath_table,56.59,0,3
2026-09-23T09:34:49,BA,computers_accessories,110.16,0,2
2026-09-23T09:34:49,RJ,watches_gifts,60.31,0,4
2026-09-23T09:34:49,SP,bed_bath_table,22.2,0,2
2026-09-23T09:34:49,MG,sports_leisure,44.03,0,2
2026-09-23T09:34:49,GO,computers_accessories,79.21,0,4
2026-09-23T09:34:49,ES,bed_bath_table,97.99,1,1
2026-09-23T09:34:49,SC,sports_leisure,116.89,0,4
2026-09-23T09:34:49,ES,watches_gifts,54.45,0,3
2026-09-23T09:34:49,PR,furniture_decor,80.19,0,2
2026-09-23T09:34:49,ES,health_beauty,100.38,0,2
2026-09-23T09:34:49,PR,health_beauty,72.89,0,3
2026-09-23T09:34:50,RJ,furniture_decor,57.22,0,3
2026-09-23T09:34:50,SC,sports_leisure,94.15,0,3
2026-09-23T09:34:50,SC,computers_accessories,62.26,0,3
2026-09-23T09:34:50,ES,sports_leisure,56.26,0,4
2026-09-23T09:34:50,MG,health_beauty,45.57,0,5
2026-09-23T09:34:50,RS,watches_gifts,118.08,0,4
2026-09-23T09:34:50,BA,health_beauty,71.86,0,3
2026-09-23T09:34:50,SP,bed_bath_table,33.78,0,2
2026-09-23T09:34:50,SP,watches_gifts,38.57,0,3
2026-09-23T09:34:50,RJ,sports_leisure,44.39,0,3
2026-09-23T09:34:50,RS,watches_gifts,15.96,0,4
2026-09-23T09:34:50,RS,computers_accessories,80.57,0,3
2026-09-23T09:34:50,MG,watches_gifts,69.49,0,2
2026-09-23T09:34:50,RJ,health_beauty,105.53,0,2
2026-09-23T09:34:50,DF,health_beauty,69.9,0,5
2026-09-23T09:34:50,SC,computers_accessories,30.21,0,2
2026-09-23T09:34:50,PR,furniture_decor,25.7,0,4
2026-09-23T09:34:50,SP,bed_bath_table,114.23,0,2
2026-09-23T09:34:50,DF,sports_leisure,42.48,0,2
2026-09-23T09:34:50,BA,health_beauty,81.13,1,1
2026-09-23T09:34:50,BA,bed_bath_table,40.96,0,4
2026-09-23T09:34:50,PR,health_beauty,36.97,0,3
2026-09-23T09:34:50,SC,computers_accessories,22.02,0,3
2026-09-23T09:34:50,ES,computers_accessories,82.64,0,5
2026-09-23T09:34:50,GO,health_beauty,68.8,1,2
2026-09-23T09:34:50,RJ,computers_accessories,65.85,1,1
2026-09-23T09:34:50,PR,computers_accessories,51.23,0,3
2026-09-23T09:34:50,ES,computers_accessories,35.89,0,5
2026-09-23T09:34:50,SC,watches_gifts,46.31,0,5
2026-09-23T09:34:50,DF,furniture_decor,61.58,0,2
2026-09-23T09:34:50,SP,furniture_decor,82.96,0,4
2026-09-23T09:34:50,BA,bed_bath_table,65.15,0,2
2026-09-23T09:34:50,GO,computers_accessories,39.92,1,2
2026-09-23T09:34:50,RS,furniture_decor,40.63,0,2
2026-09-23T09:34:50,DF,watches_gifts,110.08,0,4
2026-09-23T09:34:50,SP,sports_leisure,96.44,0,4
2026-09-23T09:34:50,MG,computers_accessories,35.82,0,2
2026-09-23T09:34:50,PR,furniture_decor,72.13,0,3
2026-09-23T09:34:50,SC,health_beauty,94.32,1,1
2026-09-23T09:34:50,BA,furniture_decor,101.6,1,1
2026-09-23T09:34:50,MG,furniture_decor,103.99,1,2
2026-09-23T09:34:50,RS,health_beauty,43.89,0,3
2026-09-23T09:34:50,BA,furniture_decor,105.67,0,2
2026-09-23T09:34:51,RJ,watches_gifts,68.43,0,5
2026-09-23T09:34:51,GO,sports_leisure,58.06,0,4
2026-09-23T09:34:51,SP,computers_accessories,66.53,0,3
2026-09-23T09:34:51,BA,watches_gifts,34.68,0,2
2026-09-23T09:34:51,MG,watches_gifts,84.21,0,4
2026-09-23T09:34:51,MG,computers_accessories,113.15,1,2
2026-09-23T09:34:51,SP,sports_leisure,27.33,0,5
2026-09-23T09:34:51,MG,furniture_decor,67.13,0,3
2026-09-23T09:34:51,BA,bed_bath_table,35.59,0,4
2026-09-23T09:34:51,BA,furniture_decor,33.99,0,3
2026-09-23T09:34:51,GO,computers_accessories,79.0,0,3
2026-09-23T09:34:51,PR,furniture_decor,119.03,0,2
2026-09-23T09:34:51,BA,watches_gifts,26.2,0,4
2026-09-23T09:34:51,ES,watches_gifts,111.34,1,2
2026-09-23T09:34:51,PR,furniture_decor,61.76,0,4
2026-09-23T09:34:51,MG,computers_accessories,104.73,0,2
2026-09-23T09:34:51,BA,watches_gifts,68.85,0,3
2026-09-23T09:34:51,BA,sports_leisure,36.28,0,2
2026-09-23T09:34:51,SC,watches_gifts,54.84,0,5
2026-09-23T09:34:51,RJ,health_beauty,109.16,0,4
2026-09-23T09:34:51,MG,furniture_decor,115.13,0,3
2026-09-23T09:34:51,GO,health_beauty,89.55,0,3
2026-09-23T09:34:51,SP,furniture_decor,59.32,0,4
2026-09-23T09:34:51,RS,watches_gifts,115.13,0,4
2026-09-23T09:34:51,ES,bed_bath_table,28.48,0,4
2026-09-23T09:34:51,MG,health_beauty,59.05,1,2
2026-09-23T09:34:51,SC,health_beauty,119.64,0,2
2026-09-23T09:34:51,SC,computers_accessories,35.02,0,2
2026-09-23T09:34:51,BA,health_beauty,29.06,0,5
2026-09-23T09:34:51,SC,watches_gifts,25.75,0,5
2026-09-23T09:34:51,RS,computers_accessories,106.57,0,2
2026-09-23T09:34:51,MG,sports_leisure,21.94,1,1
2026-09-23T09:34:51,RJ,health_beauty,119.97,0,3
2026-09-23T09:34:51,ES,computers_accessories,62.63,0,3
2026-09-23T09:34:51,GO,health_beauty,20.13,0,4
2026-09-23T09:34:51,SC,sports_leisure,113.88,0,4
2026-09-23T09:34:51,ES,health_beauty,28.52,0,4
2026-09-23T09:34:51,DF,health_beauty,53.77,0,2
2026-09-23T09:34:52,ES,watches_gifts,72.61,0,4
2026-09-23T09:34:52,BA,sports_leisure,67.61,0,3
2026-09-23T09:34:52,GO,sports_leisure,61.4,0,4
2026-09-23T09:34:52,DF,computers_accessories,112.36,0,4
2026-09-23T09:34:52,DF,watches_gifts,30.47,0,5
2026-09-23T09:34:52,ES,computers_accessories,41.12,0,5
2026-09-23T09:34:52,DF,watches_gifts,81.45,0,4
2026-09-23T09:34:52,MG,computers_accessories,33.13,0,4
2026-09-23T09:34:52,SP,health_beauty,31.16,0,4
2026-09-23T09:34:52,DF,health_beauty,50.47,0,5
2026-09-23T09:34:52,SP,computers_accessories,82.76,0,5
2026-09-23T09:34:52,SP,sports_leisure,34.92,0,3
2026-09-23T09:34:52,RS,watches_gifts,16.57,0,2
2026-09-23T09:34:52,DF,computers_accessories,27.21,0,3
2026-09-23T09:34:52,ES,health_beauty,97.69,0,2
2026-09-23T09:34:52,MG,sports_leisure,56.73,0,3
2026-09-23T09:34:52,SC,furniture_decor,41.96,0,3
2026-09-23T09:34:52,SC,sports_leisure,22.91,0,2
2026-09-23T09:34:52,SC,bed_bath_table,78.32,0,2
2026-09-23T09:34:52,RS,furniture_decor,58.07,0,2
2026-09-23T09:34:52,DF,watches_gifts,85.56,1,2
2026-09-23T09:34:52,PR,bed_bath_table,65.55,0,3
2026-09-23T09:34:52,GO,bed_bath_table,108.24,0,2
2026-09-23T09:34:52,BA,computers_accessories,118.82,0,5
2026-09-23T09:34:52,BA,furniture_decor,99.4,1,2
2026-09-23T09:34:52,DF,sports_leisure,51.89,0,5
2026-09-23T09:34:52,ES,watches_gifts,62.35,0,4
2026-09-23T09:34:52,BA,furniture_decor,41.9,0,3
2026-09-23T09:34:52,PR,watches_gifts,89.36,1,2
2026-09-23T09:34:52,BA,bed_bath_table,82.9,0,2
2026-09-23T09:34:52,SP,bed_bath_table,93.1,0,3
2026-09-23T09:34:52,MG,sports_leisure,73.41,0,4
2026-09-23T09:34:52,BA,watches_gifts,117.42,1,1
2026-09-23T09:34:52,MG,furniture_decor,27.56,0,4
2026-09-23T09:34:52,RJ,furniture_decor,17.79,0,3
2026-09-23T09:34:52,MG,health_beauty,115.0,1,1
2026-09-23T09:34:52,ES,bed_bath_table,105.4,0,2
2026-09-23T09:34:52,BA,furniture_decor,49.36,0,3
2026-09-23T09:34:52,MG,furniture_decor,40.65,0,2
2026-09-23T09:34:52,GO,sports_leisure,108.94,0,2
2026-09-23T09:34:52,MG,sports_leisure,70.93,0,3
2026-09-23T09:34:52,ES,sports_leisure,30.95,0,2
2026-09-23T09:34:52,BA,bed_bath_table,70.34,0,2
2026-09-23T09:34:52,RS,sports_leisure,32.82,1,2
2026-09-23T09:34:52,RJ,computers_accessories,58.14,0,2
2026-09-23T09:34:52,RJ,bed_bath_table,24.05,0,4
2026-09-23T09:34:52,DF,sports_leisure,61.75,0,4
2026-09-23T09:34:52,GO,sports_leisure,20.48,1,1
2026-09-23T09:34:52,PR,furniture_decor,91.51,0,5
2026-09-23T09:34:52,ES,watches_gifts,101.54,0,3
2026-09-23T09:34:52,RS,computers_accessories,22.5,0,5
2026-09-23T09:34:52,PR,computers_accessories,54.43,0,2
2026-09-23T09:34:52,DF,computers_accessories,93.45,0,3
2026-09-23T09:34:52,SP,health_beauty,116.6,0,2
2026-09-23T09:34:52,GO,watches_gifts,74.42,1,2
2026-09-23T09:34:52,GO,sports_leisure,81.31,1,2
2026-09-23T09:34:53,GO,furniture_decor,85.41,0,3
2026-09-23T09:34:53,ES,sports_leisure,59.05,0,3
2026-09-23T09:34:53,ES,watches_gifts,93.96,0,3
2026-09-23T09:34:53,SP,bed_bath_table,85.22,0,4
2026-09-23T09:34:53,ES,computers_accessories,81.05,0,3
2026-09-23T09:34:53,RJ,bed_bath_table,108.78,0,2
2026-09-23T09:34:53,RJ,health_beauty,64.93,1,1
2026-09-23T09:34:53,SC,computers_accessories,80.74,0,4
2026-09-23T09:34:53,DF,bed_bath_table,79.48,0,5
2026-09-23T09:34:53,RJ,health_beauty,54.22,0,3
2026-09-23T09:34:53,ES,watches_gifts,89.39,0,4
2026-09-23T09:34:53,MG,watches_gifts,54.57,0,4
2026-09-23T09:34:53,GO,health_beauty,49.35,1,1
2026-09-23T09:34:53,PR,bed_bath_table,53.38,0,4
2026-09-23T09:34:53,RJ,watches_gifts,57.41,0,5
2026-09-23T09:34:53,ES,sports_leisure,37.73,0,2
2026-09-23T09:34:53,MG,bed_bath_table,26.97,0,4
2026-09-23T09:34:53,GO,computers_accessories,32.45,0,3
2026-09-23T09:34:53,SP,furniture_decor,51.95,0,4
2026-09-23T09:34:53,ES,bed_bath_table,81.52,1,2
2026-09-23T09:34:53,ES,furniture_decor,110.31,0,5
2026-09-23T09:34:53,SC,watches_gifts,15.99,0,4
2026-09-23T09:34:53,GO,bed_bath_table,114.61,0,3
2026-09-23T09:34:53,DF,watches_gifts,61.96,0,3
2026-09-23T09:34:53,PR,computers_accessories,86.87,0,5
2026-09-23T09:34:53,GO,sports_leisure,89.37,0,4
2026-09-23T09:34:53,BA,furniture_decor,53.74,0,5
2026-09-23T09:34:53,PR,computers_accessories,54.52,0,3
2026-09-23T09:34:53,MG,watches_gifts,29.02,1,2
2026-09-23T09:34:53,PR,furniture_decor,42.8,0,5
2026-09-23T09:34:53,ES,computers_accessories,62.51,1,1
2026-09-23T09:34:54,DF,bed_bath_table,65.7,0,3
2026-09-23T09:34:54,DF,watches_gifts,15.86,0,5
2026-09-23T09:34:54,SP,watches_gifts,29.19,0,3
2026-09-23T09:34:54,PR,sports_leisure,64.15,0,3
2026-09-23T09:34:54,RS,watches_gifts,119.05,0,3
2026-09-23T09:34:54,MG,furniture_decor,71.57,1,2
2026-09-23T09:34:54,PR,furniture_decor,75.78,0,5
2026-09-23T09:34:54,DF,computers_accessories,48.21,0,4
2026-09-23T09:34:54,RS,furniture_decor,94.31,0,2
2026-09-23T09:34:54,RS,sports_leisure,103.99,0,2
2026-09-23T09:34:54,MG,bed_bath_table,83.62,0,2
2026-09-23T09:34:54,PR,computers_accessories,49.74,0,3
2026-09-23T09:34:54,BA,furniture_decor,114.95,0,5
2026-09-23T09:34:54,MG,bed_bath_table,97.17,0,4
2026-09-23T09:34:54,RS,computers_accessories,20.37,1,2
2026-09-23T09:34:54,RJ,sports_leisure,60.82,0,3
2026-09-23T09:34:54,DF,sports_leisure,82.2,0,5
2026-09-23T09:34:54,GO,bed_bath_table,48.35,0,5
2026-09-23T09:34:54,MG,health_beauty,101.12,1,2
2026-09-23T09:34:54,DF,watches_gifts,55.14,0,5
2026-09-23T09:34:54,SC,computers_accessories,111.41,0,4
2026-09-23T09:34:54,ES,health_beauty,61.99,0,4
2026-09-23T09:34:54,SC,sports_leisure,54.93,0,5
2026-09-23T09:34:54,RS,furniture_decor,115.44,0,2
2026-09-23T09:34:54,RS,bed_bath_table,16.79,0,5
2026-09-23T09:34:54,BA,watches_gifts,65.38,0,4
2026-09-23T09:34:54,BA,health_beauty,61.41,0,5
2026-09-23T09:34:54,BA,sports_leisure,19.18,0,3
2026-09-23T09:34:54,RS,watches_gifts,35.16,0,4
2026-09-23T09:34:54,BA,bed_bath_table,34.68,0,2
2026-09-23T09:34:54,RS,bed_bath_table,73.57,0,5
2026-09-23T09:34:54,GO,bed_bath_table,45.78,0,3
2026-09-23T09:34:54,GO,sports_leisure,48.42,0,3
2026-09-23T09:34:54,RJ,bed_bath_table,23.86,0,3
2026-09-23T09:34:54,PR,sports_leisure,68.76,0,4
2026-09-23T09:34:54,BA,furniture_decor,22.12,0,3
2026-09-23T09:34:54,RS,computers_accessories,53.78,0,5
2026-09-23T09:34:54,BA,furniture_decor,84.68,1,2
2026-09-23T09:34:54,DF,sports_leisure,116.84,0,5
2026-09-23T09:34:54,GO,bed_bath_table,69.41,1,1
2026-09-23T09:34:54,GO,furniture_decor,60.84,0,2
2026-09-23T09:34:54,BA,sports_leisure,62.06,0,5
2026-09-23T09:34:54,RJ,bed_bath_table,74.95,0,3
2026-09-23T09:34:54,SC,bed_bath_table,58.87,1,1
2026-09-23T09:34:54,RJ,computers_accessories,103.84,1,2
2026-09-23T09:34:54,GO,health_beauty,34.92,0,2
2026-09-23T09:34:54,BA,sports_leisure,87.54,0,2
2026-09-23T09:34:54,SP,bed_bath_table,92.89,0,3
2026-09-23T09:34:54,SP,computers_accessories,118.3,0,2
2026-09-23T09:34:54,MG,health_beauty,81.03,0,5
2026-09-23T09:34:54,MG,computers_accessories,64.27,1,1
2026-09-23T09:34:54,PR,computers_accessories,90.01,1,2
2026-09-23T09:34:54,BA,health_beauty,41.36,0,5
2026-09-23T09:34:54,BA,computers_accessories,64.65,1,2
2026-09-23T09:34:54,SP,health_beauty,84.17,0,3
2026-09-23T09:34:54,SP,bed_bath_table,61.41,0,5
2026-09-23T09:34:55,PR,furniture_decor,104.43,0,5
2026-09-23T09:34:55,MG,health_beauty,74.59,0,4
2026-09-23T09:34:55,PR,health_beauty,99.75,0,4
2026-09-23T09:34:55,RJ,furniture_decor,88.55,0,4
2026-09-23T09:34:55,DF,watches_gifts,86.2,0,3
2026-09-23T09:34:55,RS,watches_gifts,47.02,0,3
2026-09-23T09:34:55,SC,computers_accessories,51.63,1,2
2026-09-23T09:34:55,RS,watches_gifts,98.15,0,3
2026-09-23T09:34:55,SC,health_beauty,114.07,0,4
2026-09-23T09:34:55,RS,watches_gifts,23.14,1,2
2026-09-23T09:34:55,MG,bed_bath_table,78.8,0,2
2026-09-23T09:34:55,RS,watches_gifts,46.58,0,5
2026-09-23T09:34:55,RJ,furniture_decor,66.19,1,1
2026-09-23T09:34:55,ES,sports_leisure,28.66,0,4
2026-09-23T09:34:55,RJ,computers_accessories,32.18,0,4
2026-09-23T09:34:55,SP,sports_leisure,24.76,1,1
2026-09-23T09:34:55,MG,bed_bath_table,41.37,0,2
2026-09-23T09:34:55,SP,watches_gifts,61.79,0,5
2026-09-23T09:34:55,BA,bed_bath_table,83.51,0,5
2026-09-23T09:34:55,SC,sports_leisure,72.22,0,2
2026-09-23T09:34:55,RJ,furniture_decor,36.82,0,3
2026-09-23T09:34:55,DF,furniture_decor,20.28,0,3
2026-09-23T09:34:55,DF,sports_leisure,80.61,0,2
2026-09-23T09:34:55,SP,health_beauty,71.81,0,5
2026-09-23T09:34:55,MG,bed_bath_table,71.02,1,1
2026-09-23T09:34:55,GO,health_beauty,96.56,0,2
2026-09-23T09:34:55,DF,health_beauty,46.22,0,3
2026-09-23T09:34:55,GO,computers_accessories,47.53,0,4
2026-09-23T09:34:55,RS,computers_accessories,62.68,0,5
2026-09-23T09:34:55,RS,health_beauty,92.26,0,4
2026-09-23T09:34:55,GO,health_beauty,41.83,0,5
2026-09-23T09:34:55,DF,bed_bath_table,72.75,0,4
2026-09-23T09:34:55,MG,watches_gifts,91.85,0,5
2026-09-23T09:34:55,RJ,watches_gifts,37.7,0,2
2026-09-23T09:34:55,ES,computers_accessories,58.31,0,3
2026-09-23T09:34:55,GO,computers_accessories,106.59,1,1
2026-09-23T09:34:55,PR,bed_bath_table,46.62,1,2
2026-09-23T09:34:55,BA,computers_accessories,46.61,1,2
2026-09-23T09:34:55,DF,health_beauty,74.41,1,1
2026-09-23T09:34:55,RS,watches_gifts,45.71,0,4
2026-09-23T09:34:55,BA,computers_accessories,56.73,1,2
2026-09-23T09:34:55,RJ,watches_gifts,44.36,1,1
2026-09-23T09:34:55,DF,furniture_decor,113.76,0,5
2026-09-23T09:34:55,RJ,furniture_decor,25.62,0,4
2026-09-23T09:34:55,ES,watches_gifts,71.07,0,3
2026-09-23T09:34:56,RS,watches_gifts,73.56,0,2
2026-09-23T09:34:56,RJ,furniture_decor,57.33,0,4
2026-09-23T09:34:56,DF,watches_gifts,28.51,0,2
2026-09-23T09:34:56,RJ,bed_bath_table,112.05,0,5
2026-09-23T09:34:56,BA,furniture_decor,43.14,0,2
2026-09-23T09:34:56,SP,sports_leisure,60.66,0,2
2026-09-23T09:34:56,RS,computers_accessories,116.57,0,4
2026-09-23T09:34:56,GO,computers_accessories,33.41,0,2
2026-09-23T09:34:56,RS,computers_accessories,41.47,0,4
2026-09-23T09:34:56,RS,bed_bath_table,99.38,0,4
2026-09-23T09:34:56,SP,computers_accessories,91.49,1,1
2026-09-23T09:34:56,RS,bed_bath_table,60.39,0,4
2026-09-23T09:34:56,BA,bed_bath_table,49.04,1,2
2026-09-23T09:34:56,SP,computers_accessories,49.73,0,3
2026-09-23T09:34:56,DF,furniture_decor,45.63,0,3
2026-09-23T09:34:56,MG,computers_accessories,44.12,0,5
2026-09-23T09:34:56,PR,sports_leisure,70.85,0,3
2026-09-23T09:34:56,RS,watches_gifts,114.1,0,5
2026-09-23T09:34:56,BA,bed_bath_table,56.99,1,1
2026-09-23T09:34:56,GO,health_beauty,54.66,0,2
2026-09-23T09:34:56,PR,watches_gifts,34.93,1,2
2026-09-23T09:34:56,MG,health_beauty,87.11,0,2
2026-09-23T09:34:56,BA,health_beauty,65.89,0,2
2026-09-23T09:34:56,BA,bed_bath_table,43.4,0,3
2026-09-23T09:34:56,RJ,sports_leisure,74.5,0,5
2026-09-23T09:34:56,PR,furniture_decor,106.26,0,3
2026-09-23T09:34:56,BA,watches_gifts,48.41,0,3
2026-09-23T09:34:56,GO,furniture_decor,83.11,0,5
2026-09-23T09:34:56,SP,bed_bath_table,58.62,0,3
2026-09-23T09:34:56,SP,watches_gifts,72.46,0,3
2026-09-23T09:34:56,RJ,bed_bath_table,84.88,0,5
2026-09-23T09:34:56,BA,health_beauty,76.62,0,3
2026-09-23T09:34:56,GO,watches_gifts,68.74,0,5
2026-09-23T09:34:56,DF,health_beauty,74.55,0,2
2026-09-23T09:34:56,RJ,bed_bath_table,50.26,0,2
2026-09-23T09:34:56,SP,computers_accessories,110.46,0,4
2026-09-23T09:34:56,PR,bed_bath_table,17.5,0,2
2026-09-23T09:34:56,DF,health_beauty,17.44,0,3
2026-09-23T09:34:56,ES,health_beauty,24.77,0,5
2026-09-23T09:34:56,GO,furniture_decor,117.87,0,3
2026-09-23T09:34:56,SP,watches_gifts,36.86,0,5
2026-09-23T09:34:56,DF,furniture_decor,34.06,1,1
2026-09-23T09:34:56,SC,sports_leisure,45.14,0,5
2026-09-23T09:34:56,SP,health_beauty,39.78,0,4
2026-09-23T09:34:56,PR,computers_accessories,106.22,0,5
2026-09-23T09:34:57,RS,watches_gifts,102.8,0,4
2026-09-23T09:34:57,SC,computers_accessories,56.45,1,2
2026-09-23T09:34:57,RJ,watches_gifts,75.23,0,3
2026-09-23T09:34:57,DF,computers_accessories,119.11,0,3
2026-09-23T09:34:57,GO,health_beauty,32.47,0,2
2026-09-23T09:34:57,RS,sports_leisure,58.99,0,2
2026-09-23T09:34:57,PR,furniture_decor,103.67,0,3
2026-09-23T09:34:57,MG,bed_bath_table,99.64,0,2
2026-09-23T09:34:57,ES,computers_accessories,59.1,0,2
2026-09-23T09:34:57,BA,watches_gifts,76.24,0,3
2026-09-23T09:34:57,RS,computers_accessories,101.55,0,2
2026-09-23T09:34:57,MG,computers_accessories,15.84,0,4
2026-09-23T09:34:57,PR,bed_bath_table,106.01,0,5
2026-09-23T09:34:57,SC,computers_accessories,86.5,0,4
2026-09-23T09:34:57,ES,bed_bath_table,81.07,0,5
2026-09-23T09:34:57,ES,health_beauty,87.93,0,4
2026-09-23T09:34:57,RS,furniture_decor,119.1,0,4
2026-09-23T09:34:57,RS,furniture_decor,90.3,0,4
2026-09-23T09:34:57,ES,computers_accessories,91.74,1,2
2026-09-23T09:34:57,RS,watches_gifts,65.72,0,2
2026-09-23T09:34:57,SC,bed_bath_table,88.21,1,1
2026-09-23T09:34:57,SP,computers_accessories,67.76,0,4
2026-09-23T09:34:57,ES,bed_bath_table,108.08,0,2
2026-09-23T09:34:57,DF,furniture_decor,77.46,0,5
2026-09-23T09:34:57,RJ,sports_leisure,35.75,0,2
2026-09-23T09:34:57,RJ,furniture_decor,80.59,0,4
2026-09-23T09:34:57,SP,sports_leisure,113.82,0,4
2026-09-23T09:34:57,SP,health_beauty,43.39,0,2
2026-09-23T09:34:57,GO,furniture_decor,36.0,0,4
2026-09-23T09:34:57,PR,computers_accessories,67.63,1,1
2026-09-23T09:34:57,SC,furniture_decor,58.54,1,1
2026-09-23T09:34:57,MG,watches_gifts,28.14,0,3
2026-09-23T09:34:57,PR,watches_gifts,27.05,0,5
2026-09-23T09:34:57,MG,computers_accessories,93.14,1,2
2026-09-23T09:34:57,SP,computers_accessories,94.55,0,3
2026-09-23T09:34:57,PR,sports_leisure,40.61,0,5
2026-09-23T09:34:57,SC,watches_gifts,47.25,1,2
2026-09-23T09:34:57,MG,furniture_decor,88.23,0,5
2026-09-23T09:34:57,ES,sports_leisure,43.19,0,5
2026-09-23T09:34:57,DF,computers_accessories,59.49,1,1
2026-09-23T09:34:57,PR,furniture_decor,74.27,0,5
2026-09-23T09:34:57,PR,sports_leisure,67.45,0,5
2026-09-23T09:34:57,RJ,bed_bath_table,44.92,0,5
2026-09-23T09:34:57,MG,health_beauty,22.68,0,5
2026-09-23T09:34:57,PR,watches_gifts,108.76,0,3
2026-09-23T09:34:57,GO,sports_leisure,106.55,0,2
2026-09-23T09:34:58,MG,bed_bath_table,15.06,0,5
2026-09-23T09:34:58,RJ,sports_leisure,63.4,1,2
2026-09-23T09:34:58,RJ,furniture_decor,34.29,0,5
2026-09-23T09:34:58,GO,furniture_decor,24.14,0,4
2026-09-23T09:34:58,SP,watches_gifts,114.46,0,5
2026-09-23T09:34:58,RJ,bed_bath_table,36.62,0,4
2026-09-23T09:34:58,DF,furniture_decor,94.18,0,2
2026-09-23T09:34:58,SC,furniture_decor,111.79,0,4
2026-09-23T09:34:58,RS,sports_leisure,40.66,1,2
2026-09-23T09:34:58,DF,watches_gifts,113.83,1,2
2026-09-23T09:34:58,BA,sports_leisure,109.07,0,2
2026-09-23T09:34:58,MG,bed_bath_table,110.63,1,2
2026-09-23T09:34:58,RJ,health_beauty,53.78,0,2
2026-09-23T09:34:58,DF,computers_accessories,66.65,1,2
2026-09-23T09:34:58,ES,watches_gifts,72.37,0,2
2026-09-23T09:34:58,DF,sports_leisure,53.47,0,2
2026-09-23T09:34:58,GO,computers_accessories,107.86,0,5
2026-09-23T09:34:58,SC,computers_accessories,118.46,0,4
2026-09-23T09:34:58,BA,health_beauty,95.77,0,4
2026-09-23T09:34:58,SC,furniture_decor,113.63,0,2
2026-09-23T09:34:58,SC,watches_gifts,68.21,0,3
2026-09-23T09:34:58,RJ,bed_bath_table,85.22,0,3
2026-09-23T09:34:58,BA,bed_bath_table,90.79,0,2
2026-09-23T09:34:58,ES,furniture_decor,86.16,1,1
2026-09-23T09:34:58,SP,furniture_decor,67.4,0,4
2026-09-23T09:34:58,RS,bed_bath_table,110.98,0,3
2026-09-23T09:34:58,GO,furniture_decor,16.2,0,2
2026-09-23T09:34:58,PR,bed_bath_table,100.55,0,5
2026-09-23T09:34:58,DF,bed_bath_table,87.7,1,2
2026-09-23T09:34:58,BA,furniture_decor,80.91,0,2
2026-09-23T09:34:58,GO,watches_gifts,98.01,0,4
2026-09-23T09:34:58,MG,furniture_decor,28.23,0,5
2026-09-23T09:34:59,BA,furniture_decor,84.65,0,3
2026-09-23T09:34:59,GO,bed_bath_table,118.5,1,1
2026-09-23T09:34:59,BA,computers_accessories,56.39,0,5
2026-09-23T09:34:59,RS,bed_bath_table,46.53,0,5
2026-09-23T09:34:59,DF,furniture_decor,70.71,0,5
2026-09-23T09:34:59,SP,watches_gifts,82.19,0,3
2026-09-23T09:34:59,MG,health_beauty,61.96,1,1
2026-09-23T09:34:59,RS,health_beauty,78.22,0,5
2026-09-23T09:34:59,BA,sports_leisure,77.75,0,3
2026-09-23T09:34:59,GO,watches_gifts,82.35,1,2
2026-09-23T09:34:59,ES,furniture_decor,103.62,1,2
2026-09-23T09:34:59,DF,health_beauty,30.53,1,1
2026-09-23T09:34:59,RJ,sports_leisure,55.12,0,3
2026-09-23T09:34:59,RJ,computers_accessories,38.69,0,3
2026-09-23T09:34:59,BA,bed_bath_table,114.23,0,2
2026-09-23T09:34:59,GO,computers_accessories,68.59,0,2
2026-09-23T09:34:59,RJ,bed_bath_table,107.33,0,4
2026-09-23T09:34:59,RJ,furniture_decor,109.43,0,2
2026-09-23T09:34:59,ES,computers_accessories,95.23,0,3
2026-09-23T09:34:59,BA,watches_gifts,47.85,0,4
2026-09-23T09:34:59,SC,furniture_decor,70.98,0,4
2026-09-23T09:34:59,BA,computers_accessories,38.81,0,5
2026-09-23T09:34:59,PR,computers_accessories,117.36,0,4
2026-09-23T09:34:59,DF,furniture_decor,109.7,0,3
2026-09-23T09:34:59,PR,bed_bath_table,91.43,0,2
2026-09-23T09:34:59,SC,health_beauty,61.47,0,5
2026-09-23T09:34:59,SC,computers_accessories,42.44,0,4
2026-09-23T09:34:59,GO,sports_leisure,32.48,0,3
2026-09-23T09:34:59,SP,furniture_decor,34.82,0,5
2026-09-23T09:34:59,MG,sports_leisure,58.94,0,2
2026-09-23T09:34:59,SC,bed_bath_table,15.46,0,5
2026-09-23T09:34:59,SP,health_beauty,81.23,0,4
2026-09-23T09:34:59,GO,health_beauty,94.54,1,1
2026-09-23T09:34:59,RS,watches_gifts,92.14,0,2
2026-09-23T09:34:59,BA,bed_bath_table,76.13,0,2
2026-09-23T09:34:59,PR,bed_bath_table,78.87,0,4
2026-09-23T09:34:59,PR,furniture_decor,48.74,0,2
2026-09-23T09:34:59,SP,health_beauty,25.09,0,2
2026-09-23T09:34:59,PR,furniture_decor,102.82,1,2
2026-09-23T09:34:59,SP,bed_bath_table,108.38,0,4
2026-09-23T09:34:59,SC,sports_leisure,93.86,0,4
2026-09-23T09:34:59,RJ,computers_accessories,84.7,0,3
2026-09-23T09:34:59,DF,bed_bath_table,54.48,1,2
2026-09-23T09:34:59,RJ,health_beauty,63.53,0,5
2026-09-23T09:34:59,RJ,furniture_decor,100.42,0,4
2026-09-23T09:34:59,ES,computers_accessories,58.13,0,4
2026-09-23T09:34:59,PR,furniture_decor,91.08,0,5
2026-09-23T09:34:59,DF,sports_leisure,63.77,0,4
2026-09-23T09:34:59,SC,health_beauty,77.01,0,2
2026-09-23T09:34:59,BA,bed_bath_table,92.93,1,1
2026-09-23T09:34:59,RJ,bed_bath_table,16.04,0,4
2026-09-23T09:34:59,SC,furniture_decor,15.03,0,4
2026-09-23T09:34:59,BA,furniture_decor,95.17,0,4
2026-09-23T09:34:59,BA,bed_bath_table,63.2,1,2
2026-09-23T09:34:59,ES,health_beauty,80.37,0,5
2026-09-23T09:34:59,MG,computers_accessories,116.5,0,2
2026-09-23T09:34:59,DF,sports_leisure,69.78,0,2
2026-09-23T09:34:59,SP,watches_gifts,80.59,0,3
2026-09-23T09:35:00,RJ,computers_accessories,110.27,0,5
2026-09-23T09:35:00,MG,watches_gifts,94.47,0,5
2026-09-23T09:35:00,BA,sports_leisure,48.67,1,2
2026-09-23T09:35:00,GO,health_beauty,22.55,0,2
2026-09-23T09:35:00,RS,computers_accessories,81.33,1,1
2026-09-23T09:35:00,SC,furniture_decor,61.23,0,5
2026-09-23T09:35:00,PR,watches_gifts,105.07,0,2
2026-09-23T09:35:00,DF,furniture_decor,30.62,0,3
2026-09-23T09:35:00,MG,sports_leisure,101.28,0,2
2026-09-23T09:35:00,RS,furniture_decor,83.61,0,4
2026-09-23T09:35:00,BA,health_beauty,29.75,0,4
2026-09-23T09:35:00,ES,sports_leisure,65.5,0,4
2026-09-23T09:35:00,MG,computers_accessories,92.46,0,2
2026-09-23T09:35:00,MG,health_beauty,44.7,1,1
2026-09-23T09:35:00,BA,health_beauty,99.79,1,2
2026-09-23T09:35:00,BA,computers_accessories,84.41,0,5
2026-09-23T09:35:00,DF,health_beauty,38.38,0,5
2026-09-23T09:35:00,BA,bed_bath_table,15.44,0,2
2026-09-23T09:35:00,SC,health_beauty,73.13,0,5
2026-09-23T09:35:00,RS,watches_gifts,15.97,0,5
2026-09-23T09:35:00,ES,computers_accessories,114.52,0,3
2026-09-23T09:35:00,RJ,furniture_decor,62.39,0,5
2026-09-23T09:35:00,MG,computers_accessories,43.19,0,2
2026-09-23T09:35:00,BA,furniture_decor,109.6,0,5
2026-09-23T09:35:00,MG,sports_leisure,111.54,0,2
2026-09-23T09:35:00,RS,bed_bath_table,79.72,0,3
2026-09-23T09:35:00,DF,sports_leisure,31.7,0,5
2026-09-23T09:35:00,PR,furniture_decor,115.82,0,5
2026-09-23T09:35:01,DF,watches_gifts,34.67,0,3
2026-09-23T09:35:01,SC,watches_gifts,106.84,0,4
2026-09-23T09:35:01,RJ,watches_gifts,47.8,0,4
2026-09-23T09:35:01,ES,furniture_decor,27.59,0,2
2026-09-23T09:35:01,RS,furniture_decor,114.48,1,1
2026-09-23T09:35:01,BA,computers_accessories,76.81,0,3
2026-09-23T09:35:01,RS,furniture_decor,89.07,0,4
2026-09-23T09:35:01,GO,watches_gifts,72.1,0,3
2026-09-23T09:35:01,DF,watches_gifts,119.19,1,2
2026-09-23T09:35:01,GO,furniture_decor,72.14,0,5
2026-09-23T09:35:01,SC,computers_accessories,115.15,0,2
2026-09-23T09:35:01,GO,health_beauty,56.78,0,3
2026-09-23T09:35:01,PR,health_beauty,23.91,0,4
2026-09-23T09:35:01,SP,sports_leisure,119.26,0,3
2026-09-23T09:35:01,SC,bed_bath_table,112.7,0,5
2026-09-23T09:35:01,BA,furniture_decor,118.12,0,5
2026-09-23T09:35:01,PR,watches_gifts,100.34,0,3
2026-09-23T09:35:01,PR,furniture_decor,37.69,0,4
2026-09-23T09:35:01,GO,furniture_decor,100.52,0,3
2026-09-23T09:35:01,BA,furniture_decor,108.0,0,2
2026-09-23T09:35:01,SP,computers_accessories,30.45,0,4
2026-09-23T09:35:01,MG,sports_leisure,109.51,0,4
2026-09-23T09:35:01,GO,watches_gifts,62.62,0,3
2026-09-23T09:35:01,MG,watches_gifts,67.96,0,4
2026-09-23T09:35:01,PR,bed_bath_table,83.65,0,2
2026-09-23T09:35:01,RJ,bed_bath_table,59.78,0,4
2026-09-23T09:35:01,PR,watches_gifts,58.72,0,2
2026-09-23T09:35:01,RS,bed_bath_table,95.05,0,4
2026-09-23T09:35:01,DF,health_beauty,70.54,1,1
2026-09-23T09:35:01,GO,bed_bath_table,75.38,0,5
2026-09-23T09:35:01,RS,computers_accessories,19.76,0,3
2026-09-23T09:35:01,SP,sports_leisure,110.7,0,2
2026-09-23T09:35:01,DF,health_beauty,51.91,1,1
2026-09-23T09:35:01,RJ,watches_gifts,84.12,0,2
2026-09-23T09:35:01,PR,furniture_decor,20.09,0,5
2026-09-23T09:35:01,MG,furniture_decor,79.49,0,4
2026-09-23T09:35:01,GO,watches_gifts,75.88,1,2
2026-09-23T09:35:01,ES,sports_leisure,79.01,0,5
2026-09-23T09:35:02,MG,health_beauty,114.49,0,3
2026-09-23T09:35:02,GO,bed_bath_table,31.29,0,3
2026-09-23T09:35:02,SC,furniture_decor,60.08,0,2
2026-09-23T09:35:02,MG,sports_leisure,102.46,0,5
2026-09-23T09:35:02,RS,bed_bath_table,67.37,0,2
2026-09-23T09:35:02,PR,health_beauty,20.34,0,3
2026-09-23T09:35:02,DF,health_beauty,92.05,0,4
2026-09-23T09:35:02,SP,furniture_decor,76.87,0,5
2026-09-23T09:35:02,SC,health_beauty,65.78,0,2
2026-09-23T09:35:02,GO,computers_accessories,111.34,0,3
2026-09-23T09:35:02,MG,sports_leisure,27.47,0,2
2026-09-23T09:35:02,RS,watches_gifts,92.48,1,1
2026-09-23T09:35:02,BA,watches_gifts,104.52,0,5
2026-09-23T09:35:02,ES,sports_leisure,15.06,0,2
2026-09-23T09:35:02,SP,health_beauty,65.28,1,2
2026-09-23T09:35:02,MG,computers_accessories,82.02,0,4
2026-09-23T09:35:02,BA,sports_leisure,86.84,0,3
2026-09-23T09:35:02,SP,watches_gifts,67.24,0,3
2026-09-23T09:35:02,DF,furniture_decor,26.08,0,5
2026-09-23T09:35:02,DF,health_beauty,103.22,0,5
2026-09-23T09:35:02,RS,health_beauty,117.5,0,4
2026-09-23T09:35:02,SP,furniture_decor,95.4,0,2
2026-09-23T09:35:02,SP,bed_bath_table,85.98,1,1
2026-09-23T09:35:02,RJ,sports_leisure,16.03,0,4
2026-09-23T09:35:02,DF,bed_bath_table,23.53,0,2
2026-09-23T09:35:02,DF,furniture_decor,103.02,0,5
2026-09-23T09:35:02,SP,computers_accessories,64.21,0,3
2026-09-23T09:35:02,BA,computers_accessories,82.31,0,2
2026-09-23T09:35:03,GO,watches_gifts,31.13,0,3
2026-09-23T09:35:03,ES,watches_gifts,117.03,1,1
2026-09-23T09:35:03,MG,bed_bath_table,110.24,0,5
2026-09-23T09:35:03,RS,sports_leisure,68.69,0,4
2026-09-23T09:35:03,PR,bed_bath_table,112.82,0,3
2026-09-23T09:35:03,GO,computers_accessories,57.2,0,2
2026-09-23T09:35:03,RS,watches_gifts,71.25,0,4
2026-09-23T09:35:03,RJ,watches_gifts,37.33,0,2
2026-09-23T09:35:03,PR,sports_leisure,37.01,0,4
2026-09-23T09:35:03,SC,sports_leisure,45.43,0,5
2026-09-23T09:35:03,GO,bed_bath_table,93.19,0,2
2026-09-23T09:35:03,BA,watches_gifts,92.98,1,2
2026-09-23T09:35:03,BA,bed_bath_table,68.52,0,4
2026-09-23T09:35:03,ES,health_beauty,84.87,0,5
2026-09-23T09:35:03,SP,computers_accessories,56.82,1,2
2026-09-23T09:35:03,GO,watches_gifts,78.16,1,1
2026-09-23T09:35:03,DF,furniture_decor,36.09,0,5
2026-09-23T09:35:03,ES,computers_accessories,37.05,0,5
2026-09-23T09:35:03,ES,sports_leisure,36.92,0,3
2026-09-23T09:35:03,ES,bed_bath_table,78.64,0,5
2026-09-23T09:35:03,GO,sports_leisure,16.67,0,4
2026-09-23T09:35:03,RS,sports_leisure,70.27,0,5
2026-09-23T09:35:03,RJ,computers_accessories,63.66,0,2
2026-09-23T09:35:03,SP,furniture_decor,77.19,0,4
2026-09-23T09:35:03,ES,furniture_decor,49.45,0,2
2026-09-23T09:35:03,SP,computers_accessories,50.7,0,2
2026-09-23T09:35:03,GO,sports_leisure,104.01,0,3
2026-09-23T09:35:03,MG,computers_accessories,54.67,0,4
2026-09-23T09:35:03,SC,watches_gifts,66.11,1,1
2026-09-23T09:35:03,ES,watches_gifts,111.64,0,4
2026-09-23T09:35:03,DF,computers_accessories,83.79,0,2
2026-09-23T09:35:03,ES,health_beauty,81.44,0,4
2026-09-23T09:35:03,BA,furniture_decor,113.85,1,2
2026-09-23T09:35:03,RJ,bed_bath_table,89.63,0,5
2026-09-23T09:35:03,SC,watches_gifts,34.5,0,3
2026-09-23T09:35:03,RJ,watches_gifts,34.94,0,4
2026-09-23T09:35:03,RS,watches_gifts,60.77,0,2
2026-09-23T09:35:03,GO,health_beauty,23.07,0,3
2026-09-23T09:35:03,BA,watches_gifts,35.68,0,5
2026-09-23T09:35:03,PR,furniture_decor,83.13,0,5
2026-09-23T09:35:03,SC,watches_gifts,64.8,0,5
2026-09-23T09:35:03,GO,furniture_decor,17.95,0,2
2026-09-23T09:35:03,DF,sports_leisure,45.23,0,5
2026-09-23T09:35:03,SP,bed_bath_table,79.8,0,4
2026-09-23T09:35:03,GO,computers_accessories,24.12,0,4
2026-09-23T09:35:04,RS,computers_accessories,60.41,0,5
2026-09-23T09:35:04,MG,watches_gifts,63.08,0,5
2026-09-23T09:35:04,ES,sports_leisure,63.69,0,3
2026-09-23T09:35:04,GO,health_beauty,94.03,1,1
2026-09-23T09:35:04,BA,furniture_decor,72.66,0,3
2026-09-23T09:35:04,GO,computers_accessories,25.91,0,3
2026-09-23T09:35:04,PR,bed_bath_table,113.96,0,5
2026-09-23T09:35:04,PR,computers_accessories,71.93,0,2
2026-09-23T09:35:04,GO,watches_gifts,70.14,1,1
2026-09-23T09:35:04,DF,watches_gifts,15.15,0,4
2026-09-23T09:35:04,DF,watches_gifts,50.49,0,3
2026-09-23T09:35:04,RS,watches_gifts,43.68,1,2
2026-09-23T09:35:04,RJ,watches_gifts,90.69,1,2
2026-09-23T09:35:04,SC,furniture_decor,45.3,1,1
2026-09-23T09:35:04,MG,health_beauty,62.25,0,4
2026-09-23T09:35:04,RS,sports_leisure,95.59,0,4
2026-09-23T09:35:04,MG,sports_leisure,92.47,1,2
2026-09-23T09:35:04,SC,watches_gifts,33.75,1,2
2026-09-23T09:35:04,SC,health_beauty,70.86,0,5
2026-09-23T09:35:04,GO,sports_leisure,62.92,1,1
2026-09-23T09:35:04,PR,health_beauty,17.19,1,1
2026-09-23T09:35:04,DF,computers_accessories,106.32,0,5
2026-09-23T09:35:04,GO,sports_leisure,68.37,1,1
2026-09-23T09:35:04,SP,bed_bath_table,32.64,0,5
2026-09-23T09:35:04,SC,bed_bath_table,75.87,0,2
2026-09-23T09:35:04,DF,furniture_decor,44.39,0,3
2026-09-23T09:35:05,RJ,sports_leisure,40.88,0,3
2026-09-23T09:35:05,DF,furniture_decor,108.14,0,4
2026-09-23T09:35:05,GO,sports_leisure,98.02,0,3
2026-09-23T09:35:05,MG,health_beauty,56.84,0,5
2026-09-23T09:35:05,GO,furniture_decor,96.9,0,3
2026-09-23T09:35:05,DF,furniture_decor,37.61,0,4
2026-09-23T09:35:05,MG,computers_accessories,42.99,0,4
2026-09-23T09:35:05,PR,computers_accessories,71.66,0,2
2026-09-23T09:35:05,SC,bed_bath_table,81.9,0,3
2026-09-23T09:35:05,SC,computers_accessories,67.02,1,1
2026-09-23T09:35:05,ES,watches_gifts,74.04,0,3
2026-09-23T09:35:05,BA,sports_leisure,20.46,0,3
2026-09-23T09:35:05,SP,watches_gifts,49.23,0,5
2026-09-23T09:35:05,RS,bed_bath_table,58.0,0,5
2026-09-23T09:35:05,RJ,watches_gifts,68.07,1,1
2026-09-23T09:35:05,DF,sports_leisure,99.09,0,4
2026-09-23T09:35:05,DF,bed_bath_table,97.24,0,4
2026-09-23T09:35:05,DF,bed_bath_table,63.4,1,1
2026-09-23T09:35:05,RS,health_beauty,86.32,0,3
2026-09-23T09:35:05,BA,furniture_decor,44.88,0,3
2026-09-23T09:35:05,SP,bed_bath_table,78.35,0,5
2026-09-23T09:35:05,DF,computers_accessories,37.63,0,5
2026-09-23T09:35:05,MG,furniture_decor,88.24,0,4
2026-09-23T09:35:05,RS,sports_leisure,49.23,0,2
2026-09-23T09:35:05,BA,bed_bath_table,107.86,0,4
2026-09-23T09:35:05,RJ,computers_accessories,117.52,0,4
2026-09-23T09:35:05,RS,sports_leisure,97.53,1,2
2026-09-23T09:35:05,MG,watches_gifts,68.77,0,3
2026-09-23T09:35:05,BA,furniture_decor,31.68,0,2
2026-09-23T09:35:05,DF,sports_leisure,44.59,0,4
2026-09-23T09:35:05,ES,health_beauty,65.9,0,2
2026-09-23T09:35:05,SP,furniture_decor,61.33,0,5
2026-09-23T09:35:05,SP,sports_leisure,16.71,0,2
2026-09-23T09:35:05,RS,furniture_decor,100.83,0,2
2026-09-23T09:35:05,DF,computers_accessories,102.48,0,4
2026-09-23T09:35:05,PR,furniture_decor,82.53,0,4
2026-09-23T09:35:05,SP,watches_gifts,75.49,0,3
2026-09-23T09:35:05,BA,bed_bath_table,77.42,0,4
2026-09-23T09:35:05,RS,furniture_decor,93.86,0,4
2026-09-23T09:35:05,GO,sports_leisure,67.35,0,3
2026-09-23T09:35:05,RS,bed_bath_table,102.58,0,5
2026-09-23T09:35:05,PR,bed_bath_table,17.46,0,2
2026-09-23T09:35:05,RS,computers_accessories,91.43,0,4
2026-09-23T09:35:05,GO,computers_accessories,59.79,0,2
